Full Name,Field,Sex,Birth Year,Place of Birth,Edition of First Appearance,QID,date of birth,VIAF,BND,Date of Death 1,Last Name,First Name,Middle Name,ImagePulledInFromWikidata,OccupationsSeparatedByCommas,TopRankOccupation
John Adams,"Military, Politics, and Law",Male,1735,"Braintree, Norfolk County, Massachusetts, United States",5,Q11806,1735-10-19,95296943,68575,1826-07-04,Adams,John,,"https://commons.wikimedia.org/wiki/File:Official_Presidential_portrait_of_John_Adams_(by_John_Trumbull,_circa_1792).jpg","lawyer, politician, diplomat, political philosopher, statesperson, writer",lawyer
Charles Follen Adams,Literature,Male,1842,"Dorchester, Dorset, United Kingdom",10,Q1064386,1842-04-21,73130780,,1918-03-08,Adams,Charles,Follen,https://commons.wikimedia.org/wiki/File:1878_CharlesFAdams_Leedle_Boston_illus_byBoz.png,"poet, writer",poet
Sarah Fuller Flower Adams,Literature,Female,1805,"Old Harlow, Harlow, England",5,Q269879,1805-02-22,62914875,129,1848-08-14,Adams,Sarah,Flower,https://commons.wikimedia.org/wiki/File:SarahFlowerAdams.jpg,"poet, writer, lyricist",poet
"Charles Francis Adams, Sr.","Military, Politics, and Law",Male,1807,"Boston, Massachusetts, United States",10,Q75174,1807-08-18,30335611,,1886-11-21,﻿Adams,Charles,Francis,https://commons.wikimedia.org/wiki/File:C._F._Adams_-_Warren._LCCN2013651550_(cropped_closein_3x4).jpg,"politician, lawyer, diplomat, writer",politician
John Quincy Adams,"Military, Politics, and Law",Male,1767,"Braintree, Norfolk County, Massachusetts, United States",5,Q11816,1767-07-11,36980021,,1848-02-23,Adams,John,Quincy,https://commons.wikimedia.org/wiki/File:John_Q._Adams-edit.jpg,"politician, lawyer, diplomat, statesperson, diarist, writer",politician
Joseph Addison,Literature,Male,1672,"Milston, Wiltshire, England, United Kingdom",1,Q206384,1672-05-01,7413288,156,1719-06-17,Addison,Joseph,,"https://commons.wikimedia.org/wiki/File:Joseph_Addison_by_Sir_Godfrey_Kneller,_Bt.jpg","politician, writer, playwright, poet, journalist, editor, librettist, correspondent, essayist",politician
Thomas Ady,Other Sciences,Male,1606,United Kingdom,9,Q7786958,1606,27407158,,1704,Ady,Thomas,,,physician,physician
Aeschines,"Military, Politics, and Law",Male,-389,"Athens, Greece",7,Q317089,-389,1.61E+08,,-341,Aeschines,,,https://commons.wikimedia.org/wiki/File:Bust_Aiskhines_BM_1839_n2.jpg,"politician, diplomat, orator, writer",politician
Aeschylus,Literature,Male,-525,"Eleusis, Greece",8,Q40939,-525,2.69E+08,,-456,Aeschylus,,,https://commons.wikimedia.org/wiki/File:Aeschylusathens.jpg,"tragedy writer, warrior, playwright",tragedy writer
Charles Hamilton Aidé,Literature,Male,1826,"Paris, France",10,Q4058488,1826-11-04,55083244,30350,1906-12-13,Aide,Charles,H,https://commons.wikimedia.org/wiki/File:Charles_Hamilton_Aide.jpg,"novelist, writer, poet",novelist
Mark Akenside,Literature,Male,1721,"Newcastle upon Tyne, Tyne and Wear, England",1,Q1247855,1721-11-09,22217492,263,1770-06-23,Akenside,Mark,,https://commons.wikimedia.org/wiki/File:Mark_Akenside.jpg,"poet, physician, physician writer, writer",poet
Alain de Lille,Religion,Male,1117,"Lille, Nord, France",8,Q4313,1117,72187470,266,1202-12-29,Alanus de Insulis,,,https://commons.wikimedia.org/wiki/File:Alanus_de_Insulis_(Alain_de_Lille)._Woodcut._Wellcome_V0000079.jpg,"theologian, philosopher, teacher, poet, writer, historian",theologian
Henry Mills Alden,Literature,Male,1836,"Mount Tabor, Vermont, United States",10,Q5725891,1836-11-11,70174323,,1919-10-07,Alden,Henry,M,https://commons.wikimedia.org/wiki/File:Henry_Mills_Alden_portrait_in_In_After_Days_(1910).jpg,"classical scholar, author, editor, writer",classical scholar
Henry Aldrich,Arts,Male,1647,"Westminster, London, England, United Kingdom",5,Q2057615,1647,41850324,314,1710-12-14,Aldrich,Henry,,https://commons.wikimedia.org/wiki/File:HenryyAldrich.jpeg,"architect, philosopher, theologian, composer, poet",architect
James Aldrich,Literature,Male,1810,"Mattituck, New York, United States",1,Q6128493,1810-07-14,63457216,,1856-09-09,Aldrich,James,,,"merchant, editor, poet, writer",merchant
Thomas Bailey Aldrich,Literature,Male,1836,"Portsmouth, New Hampshire, United States",10,Q922191,1836-11-11,67259007,,1907-03-19,Aldrich,Thomas,B,https://commons.wikimedia.org/wiki/File:Thomas_Bailey_Aldrich.jpg,"writer, poet, novelist, journalist, children's writer, editor",writer
Cecil Frances Alexander,Literature,Female,1818,"Dublin, Ireland",10,Q3364640,1818-04-01,35879345,328,1895-10-12,Alexander,Cecil,F,https://commons.wikimedia.org/wiki/File:Cecil_F_Alexander.PNG,"poet, hymnwriter, writer",poet
Alī ibn Abī Ṭālib,Religion,Male,601,"Mecca, Makkah, Saudi Arabia",9,Q39619,602,3.06E+08,,0661-01-29,Ali,Ben,Taleb,https://commons.wikimedia.org/wiki/File:Istanbul_-_Santa_Sofia_-_Medalló_(cropped).JPG,"statesperson, qadi, Islamic jurist, muhaddith, mufassir, judge, poet, Caliph",statesperson
Elizabeth Akers Allen,Literature,Female,1832,"Strong, Franklin County, Maine, United States",8,Q5362571,1832-10-09,16300292,,1911-08-07,Allen,Elizabeth,A,https://commons.wikimedia.org/wiki/File:Elizabeth_Akers_Allen_with_signature.jpg,"writer, journalist, poet, author",writer
William Allingham,Literature,Male,1824,"Ballyshannon, County Donegal, Ireland",10,Q261007,1824-03-19,56777098,405,1889-11-18,Allingham,William,,https://commons.wikimedia.org/wiki/File:William_Allingham_Photo.jpg,"poet, writer",poet
Richard Allison,Arts,Male,1560,United Kingdom,5,Q7323698,1560,66650956,,1600,Allison,Richard,,,composer,composer
Alonso de Aragón,Religion,Male,1470,"Cervera, Segarra, Lleida, Catalonia, Spain",4,Q2712060,1470,3539630,,1520-02-24,Alonzo of Arragon,,,https://commons.wikimedia.org/wiki/File:Pabellón_San-Martín_medallón_19_Alonso_de_Aragón.JPG,"military personnel, Catholic deacon, Catholic priest, ruler, politician, Catholic bishop",military personnel
Alfonso X of Castile and Leon,"Military, Politics, and Law",Male,1221,"Toledo, Spain",9,Q47595,1221-11-23,66476694,,1284-04-04,Alphonso the Wise,,,https://commons.wikimedia.org/wiki/File:Alfonso_X_el_Sabio_en_El_libro_de_los_juegos.jpg,"writer, astronomer, ruler, composer, poet, historian, jurist",writer
Princess Amelia of the United Kingdom,"Military, Politics, and Law",Female,1783,"Windsor Castle, Berkshire, England, United Kingdom",8,Q257604,1783-08-07,2.32E+08,437,1810-11-02,Amelia,Princess,,https://commons.wikimedia.org/wiki/File:Princess_Amelia_(1783-1810).jpg,aristocrat,aristocrat
Fisher Ames,"Military, Politics, and Law",Male,1758,"Dedham, Massachusetts, United States",5,Q1194576,1758-04-09,1142398,,1808-07-04,Ames,Fisher,,https://commons.wikimedia.org/wiki/File:Fisher_Ames.jpg,"politician, lawyer, writer",politician
Henri-Frédéric Amiel,Literature,Male,1821,"Geneva, Switzerland",10,Q123916,1821-09-27,39372874,,1881-05-11,Amiel,Henri,F,https://commons.wikimedia.org/wiki/File:Henry-Frederic_Amiel_by_François_Artus.png,"poet, philosopher, diarist, writer, university teacher, literary critic, translator",poet
Michelangelo,Arts,Male,1475,"Caprese Michelangelo, Italy",7,Q5592,1475-03-06,24585191,,1564-02-18,Angelo,Michael,,https://commons.wikimedia.org/wiki/File:Michelangelo_Daniele_da_Volterra_(dettaglio).jpg,"sculptor, architectural draftsperson, painter, architect, poet, engineer, general contractor, writer, visual artist",sculptor
Appius Claudius Caecus,"Military, Politics, and Law",Male,-312,Roman Empire,3,Q297783,-312,51580452,,-273,Appius Claudius Caecus,,,https://commons.wikimedia.org/wiki/File:Appio_Claudio_Cieco_in_Senato.jpg,"writer, poet, Ancient Roman politician, Ancient Roman military personnel",writer
Ludovico Ariosto,Literature,Male,1474,"Reggio nell’Emilia, Italy",7,Q48900,1474-09-08,71386455,,1533-07-06,Ariosto,,,https://commons.wikimedia.org/wiki/File:Ariosto.jpg,"poet, playwright",poet
Aristides,"Military, Politics, and Law",Male,-550,"Alopeke, Ancient Athenian deme",8,Q294942,-550,61392255,,-467,Aristides,,,"https://commons.wikimedia.org/wiki/File:Augustins_-_Aristide,_1806_-_Charles_Brocas.jpg","politician, military personnel",politician
Aristophanes,Literature,Male,-448,"Athens, Greece",8,Q43353,-448,20962036,,-386,Aristophanes,,,https://commons.wikimedia.org/wiki/File:Bust_of_Aristophanes.jpg,"comedy writer, playwright, poet",comedy writer
Aristotle,History and Philosophy,Male,-384,"Stagira, Greece",7,Q868,-384,7524651,,-321,Aristotle,,,https://commons.wikimedia.org/wiki/File:Aristotle_Altemps_Inv8575.jpg,philosopher,philosopher
David Law Proudfit,Literature,Male,1842,"New York City, New York, United States",10,Q5236367,1842-10-27,2.51E+08,,1897-02-23,Arkwright,Peleg,,,"poet, writer",poet
John Armstrong,Literature,Male,1709,"Roxburghshire, Scotland",8,Q713821,1709,59212872,660,1779-09-07,Armstrong,John,,https://commons.wikimedia.org/wiki/File:DrJohnArmstrongBySirJoshuaReynolds.jpg,"poet, physician",poet
Edwin Arnold,Literature,Male,1832,"Gravesend, Kent, England",10,Q115371,1832-06-10,49263967,30455,1904-03-24,Arnold,Sir Edwin,,https://commons.wikimedia.org/wiki/File:EdwinArnold.jpeg,"journalist, poet, writer, orientalist, editor, translator",journalist
Samuel James Arnold,Arts,Male,1774,Great Britain,7,Q15433525,1774,29921604,683,1852,Arnold,S,J,,painter,painter
Matthew Arnold,Literature,Male,1822,"Laleham, Spelthorne, United Kingdom",9,Q271032,1822-12-24,73868557,679,1888-04-15,Arnold,Matthew,,https://commons.wikimedia.org/wiki/File:Matthew_Arnold_-_Project_Gutenberg_eText_16745.jpg,"poet, writer, literary critic, university teacher, journalist, school inspector, essayist",poet
George Arnold (poet),Literature,Male,1834,"New York City, New York, United States",10,Q5536427,1834-06-24,23493422,,1865-11-09,Arnold,George,,https://commons.wikimedia.org/wiki/File:George_Arnold.jpg,"writer, poet",writer
Athenaeus,Literature,Male,170,"Naucratis, Egypt",9,Q294923,170,1.00E+08,,223,Athenaeus,,,,"writer, orator, poet",writer
Augustine of Hippo,Religion,Male,354,"Thagaste, ancient city",3,Q8018,0354-11-13,66806872,,0430-08-28,Augustine,Saint,,https://commons.wikimedia.org/wiki/File:Augustine_Lateran.jpg,"philosopher, theologian, autobiographer, music theorist, preacher, historian, poet, presbyter, writer, Catholic priest, titular bishop, Catholic bishop",philosopher
Sarah Austin,Literature,Female,1793,"Norwich, Norfolk, England, United Kingdom",1,Q519645,1793,59830344,916,1867-08-08,Austin,Mrs,Sarah,https://commons.wikimedia.org/wiki/File:Sarah-austin.jpg,"linguist, translator, writer",linguist
Alfred Austin,Literature,Male,1835,"Leeds, West Yorkshire, England, United Kingdom",10,Q575043,1835-05-30,3373868,30503,1913-06-02,Austin,Alfred,,https://commons.wikimedia.org/wiki/File:Alfredaustin.jpg,"poet, novelist, writer, journalist, barrister",poet
"Barry Yelverton, 1st Viscount Avonmore","Military, Politics, and Law",Male,1736,"Newmarket, County Cork, Ireland",7,Q4864917,1736-05-28,24477856,30212,1805-08-19,Avonmore,Lord,,"https://commons.wikimedia.org/wiki/File:Barry_Yelverton,_1st_Viscount_Avonmore.jpg","judge, politician, barrister",judge
Francis Bacon,"Military, Politics, and Law",Male,1561,"York House, Strand, London, England, United Kingdom",1,Q37388,1561-01-22,31992319,990,1626-04-09,Bacon,Francis,,https://commons.wikimedia.org/wiki/File:Somer_Francis_Bacon.jpg,"philosopher, writer, judge, politician, lawyer, astrologer, scientist, historian",philosopher
Philip James Bailey,Literature,Male,1816,"Nottingham, Nottinghamshire, England",1,Q324158,1816-04-22,67823110,30529,1902-11-06,Bailey,Philip,James,https://commons.wikimedia.org/wiki/File:Portrait_of_Philip_James_Bailey.jpg,"poet, writer, barrister",poet
Joanna Baillie,Literature,Female,1762,"Bothwell, Scotland",8,Q463302,1762-09-11,56750310,1062,1851-02-23,Baillie,Joanna,,https://commons.wikimedia.org/wiki/File:Joanna_Baillie_by_Mary_Ann_Knight.jpg,"poet, writer, playwright, tragedy writer",poet
Arthur Balfour,"Military, Politics, and Law",Male,1848,"Whittingehame, Lothian, Scotland",10,Q19008,1848-07-25,29574721,30553,1930-03-19,Balfour,Arthur,J,https://commons.wikimedia.org/wiki/File:Arthur-James-Balfour-1st-Earl-of-Balfour.jpg,"politician, writer, philosopher",politician
George Bancroft,"Military, Politics, and Law",Male,1800,"Worcester, Worcestershire, England, United Kingdom",8,Q741482,1800-10-03,39386684,,1891-01-17,Bancroft,Georqe,,"https://commons.wikimedia.org/wiki/File:George_Bancroft_by_Plumbe,_1846.jpg","diplomat, historian of Modern Age, historian, academic, writer, politician",diplomat
John Kendrick Bangs,Literature,Male,1862,"Yonkers, Westchester County, New York, United States",10,Q1357524,1862-05-27,54461316,,1922-01-21,Bangs,John,K,https://commons.wikimedia.org/wiki/File:John_Kendrick_Bangs_1922.jpg,"novelist, writer, journalist",novelist
Anna Laetitia Barbauld,Literature,Female,1743,"Leicestershire, England, United Kingdom",1,Q268305,1743-06-20,9896232,1324,1825-03-09,Barbauld,Mrs,,https://commons.wikimedia.org/wiki/File:ChapmanBarbauld.jpg,"poet, children's writer, literary critic, essayist, writer",poet
Bertrand Barère,"Military, Politics, and Law",Male,1755,"Tarbes, Hautes-Pyrénées, France",8,Q708891,1755-09-10,2581204,,1841-01-13,Barère,Bertrand,,https://commons.wikimedia.org/wiki/File:Barere.jpg,"politician, diplomat, judge, journalist, lawyer, writer",politician
Richard Harris Barham,Literature,Male,1788,"Canterbury, Kent, England",9,Q1476581,1788-12-06,74579338,1376,1845-06-17,Barham,R,H,https://commons.wikimedia.org/wiki/File:Thomas_Ingoldsby.png,"writer, priest",writer
Theodore Barker,Arts,Male,1923,"St Helens, Lancashire, England, United Kingdom",8,Q20667136,1923,,,,Barker,Theodore,L,,composer,composer
George Barlow,Literature,Male,1847,"London, England, United Kingdom",10,Q5536719,1847,48004270,,1914,Barlow,George,,,poet,poet
Richard Barnfield,Literature,Male,1574,"Norbury, Staffordshire, United Kingdom",1,Q684646,1574,66535681,1487,1627,Barnfield,Richard,,,"poet, writer",poet
Matthias Barr,Literature,Male,1831,"Edinburgh, Scotland, United Kingdom",10,Q6791516,1831-12-06,49095198,,1911-12-21,Barr,Matthias,,,poet,poet
Eaton Stannard Barrett,Literature,Male,1786,"Cork, Ireland",1,Q5331374,1786,13033207,1522,1820-03-20,Barrett,Eaton,Stannard,,"writer, poet, barrister",writer
George Barrington,Other,Male,1755,"Maynooth, university Ireland",3,Q5536756,1755-05-14,90005829,1530,1804-12-27,Barrington,George,,https://commons.wikimedia.org/wiki/File:Frontispiece_from_the_memoirs_of_George_Barrington.jpg,"pickpocketing, writer",pickpocketing
Isaac Barrow,Other Sciences,Male,1631,"London, England, United Kingdom",8,Q207718,1630-10-01,56682703,1541,1677-05-04,Barrow,Isaac,,https://commons.wikimedia.org/wiki/File:Isaac_Barrow_by_Mary_Beale.jpg,"theologian, mathematician, historian of mathematics, physicist, university teacher, philosopher",theologian
Michael Joseph Barry,"Military, Politics, and Law",Male,1817,"Cork, Munster, Ireland",5,Q15452285,1817,13876746,54541,1889-01-23,Barry,Michael,J,,"magistrate, poet",magistrate
Henry Howarth Bashford,Other Sciences,Male,1880,"Kensington, London, England",10,Q3132614,1880,10078845,,1961,Bashford,Henry,H,,"physician writer, poet",physician writer
William Basse,Literature,Male,1583,"Stratford-upon-Avon, Warwickshire, England, United Kingdom",1,Q8005165,1583,69275691,1633,1653,Basse,William,,,poet,poet
Richard Baxter,Religion,Male,1615,"Rowton, Shropshire, England",1,Q680070,1615-11-12,54178741,1734,1691-12-08,Baxter,Richard,,https://commons.wikimedia.org/wiki/File:Richard_Baxter_Colour.jpg,"theologian, philosopher, writer",theologian
"Pierre Terrail, seigneur de Bayard","Military, Politics, and Law",Male,1476,"Grenoble, Isère, France",8,Q552017,1476,79398800,,1524-04-30,Bayard,Chevalier,,https://commons.wikimedia.org/wiki/File:Pierre_Terrail_de_Bayard.jpg,"condottiero, knight",condottiero
Peter Bayley,Literature,Male,1778,"Portreath, Cornwall, England, United Kingdom",8,Q7172724,1778,3828982,1754,1823-01-25,Bayle,Peter,,"https://commons.wikimedia.org/wiki/File:Peter_Bayley_(1778-1823),_by_unknown_artist.jpg",poet,poet
Thomas Haynes Bayly,Literature,Male,1797,"England, United Kingdom",5,Q7790528,1797-10-13,27808896,1768,1839-04-22,Bayly,T,Haynes,https://commons.wikimedia.org/wiki/File:Portrait_of_Thomas_Haynes_Bayly.jpg,"writer, songwriter, poet, playwright",writer
James Beattie,Literature,Male,1735,"Laurencekirk, Aberdeenshire, Scotland",1,Q915031,1735-10-25,14766002,1831,1803-08-18,Beattie,James,,https://commons.wikimedia.org/wiki/File:Dr_James_Beattie.jpg,"linguist, poet, translator, philosopher, writer, literary critic, essayist",linguist
Francis Beaumont,Literature,Male,1584,"Leicestershire, England, United Kingdom",1,Q313932,1584,49333217,1871,1616-03-06,Beaumont,Francis,,https://commons.wikimedia.org/wiki/File:Francis_Beaumont.jpg,"actor, playwright, poet, writer",actor
John Beaumont,"Military, Politics, and Law",Male,1584,"Thringstone, United Kingdom",10,Q6221279,1584,72779756,1874,1627-04-19,Beaumont,John,,,politician,politician
Barnard Elliott Bee,"Military, Politics, and Law",Male,1824,"Charleston, South Carolina, United States",9,Q325942,1824-02-08,,,1861-07-22,Bee,Bernard,E,https://commons.wikimedia.org/wiki/File:Barnard_Elliott_Bee.JPG,military personnel,military personnel
Ethel Lynn Beers,Literature,Female,1827,"Goshen, New York, United States",10,Q5403151,1827-01-13,63867364,,1879-10-11,Beers,Ethel,L,,"poet, writer",poet
Robert Bell,"Military, Politics, and Law",Male,1760,"Baltimore, Maryland, United States",10,Q19043517,1760,35900398,67533,1816,Bell,Robert,,,"lawyer, jurist",lawyer
G W Bellamy,"Military, Politics, and Law",Male,1897,"South Calorina, United States",8,,1897,,,,Bellamy,G,W,,,
Baron Eligius Franz Joseph von Münch-Bellinghausen,Literature,Male,1806,"Kraków, Lesser Poland Voivodeship, Poland",9,Q78939,1806-04-02,66610632,,1871-05-22,Bellinghausen,Von,Münch,https://commons.wikimedia.org/wiki/File:Die_Gartenlaube_(1856)_b_249.jpg,"poet, playwright, writer, librarian",poet
"Park Benjamin, Sr.",Literature,Male,1809,"Demerara, British Guiana",10,Q7137646,1809-08-14,48313754,,1864-09-12,Benjamin,Park,,"https://commons.wikimedia.org/wiki/File:Park_Benjamin,_Sr_crop.jpg","journalist, lawyer, editor, poet, writer",journalist
Isaac de Benserade,Literature,Male,1613,"Paris, France",7,Q982037,1613-11-05,2466353,,1691-10-10,Benserade,Isaac de,,https://commons.wikimedia.org/wiki/File:Isaac_de_Benserade_-_Versailles_MV_2927.jpg,"poet, playwright, librettist, choreographer, writer",poet
Jeremy Bentham,"Military, Politics, and Law",Male,1748,"Houndsditch, London, England, United Kingdom",6,Q60887,1748-02-15,59078842,2153,1832-06-06,Bentham,Jeremy,,https://commons.wikimedia.org/wiki/File:Jeremy_Bentham_by_Henry_William_Pickersgill_detail.jpg,"philosopher, merchant, lawyer, political scientist, suffragist, human rights activist, jurist, animal rights advocate, writer, economist, Protestant reformer, political theorist",philosopher
Richard Bentley,Literature,Male,1662,"Wakefield, West Yorkshire, England",5,Q712899,1662-01-27,27862472,2169,1742-07-14,Bentley,Richard,,https://commons.wikimedia.org/wiki/File:Richard_Bentley_3.jpg,"librarian, classical philologist, classical scholar, literary critic, theologian, deacon, university teacher, writer",librarian
Thomas Hart Benton,"Military, Politics, and Law",Male,1782,"Hillsborough, North Carolina, United States",9,Q1317969,1782-03-14,64749980,,1858-04-10,Benton,Thomas,H,https://commons.wikimedia.org/wiki/File:Thomas_Hart_Benton_(senator)_2.jpg,"politician, lawyer, writer",politician
George Berkeley,History and Philosophy,Male,1685,"Kilkenny, County Kilkenny, Ireland",1,Q82049,1685-03-12,1.00E+08,2211,1753-01-14,Berkeley,Bishop,,https://commons.wikimedia.org/wiki/File:George_Berkeley_by_Jonh_Smibert.jpg,"philosopher, Anglican priest, writer, epistemologist, philosopher of science, metaphysician, Christian minister",philosopher
Juliana Berners,Literature,Female,1388,"St Albans, England, United Kingdom",7,Q123085,1388,79041718,2255,1500,Berners,Juliana,,https://commons.wikimedia.org/wiki/File:JulianaBerners.JPG,writer,writer
DNE,,,,,7,,,,,,Berry,Dorothy,,,,
Albert Bettelheim,Religion,Male,1830,"Galgoc, Hungary",8,Q55848447,1830,80454121,,1890,Bettelheim,A,S,,rabbi,rabbi
Jonathan Swift,Literature,Male,1667,"Dublin, Ireland",5,Q41166,1667-11-30,14777110,26833,1745-10-19,Bickerstaff,Isaac,,https://commons.wikimedia.org/wiki/File:Jonathan_Swift_by_Charles_Jervas_detail.jpg,"poet, novelist, satirist, philosopher, human rights activist, pamphleteer, Anglican priest, writer, science fiction writer, essayist, opinion journalist, children's writer, prose writer, public figure, priest",poet
William Blacker,Literature,Male,1777,"County Armagh, Ireland",5,Q8005589,1777-09-01,44710259,,1855-11-25,Blacker,Colonel,,,poet,poet
William Blackstone,"Military, Politics, and Law",Male,1723,"City of London, London, England, United Kingdom",3,Q332449,1723-07-10,39385957,2536,1780-02-14,Blackstone,Sir William,,https://commons.wikimedia.org/wiki/File:William_Blackstone_by_Thomas_Hamilton_Crawford_after_Joshua_Reynolds.jpg,"judge, barrister, university teacher, politician, writer",judge
Robert Blair,Literature,Male,1699,"Edinburgh, Scotland, United Kingdom",1,Q1935232,1699-04-17,35250279,2570,1746-02-04,Blair,Robert,,,"poet, writer",poet
Susanna Blamire,Literature,Female,1747,"Cardew Hall , Cardew, Cumberland, England, United Kingdom",9,Q7648643,1747,45379344,2600,1794,Blamire,Susanna,,https://commons.wikimedia.org/wiki/File:Susanna_Blamire_Cambruzzi.jpg,"poet, writer",poet
Samuel Laman Blanchard,Literature,Male,1804,"Great Yarmouth, Norfolk, England, United Kingdom",10,Q7411964,1804-05-15,77000631,2603,1845-02-15,Blanchard,Laman,,,journalist,journalist
Robert Bland,Other Sciences,Male,1730,"London, England, United Kingdom",8,Q16204350,1730,74243073,2614,1816,Bland,Robert,,,"physician, midwife",physician
Jacob Bobart the Younger,Other Sciences,Male,1641,"Oxford, Oxfordshire, England",3,Q6118394,1641-08-02,5362067,2742,1719-12-28,Bobart,Jacob,,,botanist,botanist
Jean Bodinus,History and Philosophy,Male,1530,"Angers, Maine-et-Loire, France",7,,1530,,,,Bodinus,Jean,,,,
Thomas Bodley,Literature,Male,1545,"Exeter, Devon, England",7,Q765673,1545-03-02,34512366,2759,1613-01-28,Bodley,Sir Thomas,,https://commons.wikimedia.org/wiki/File:Thomas_Bodley.jpg,"librarian, diplomat, autobiographer, writer, politician",librarian
Boethius,"Military, Politics, and Law",Male,480,"Rome, Italy",7,Q102851,480,1.00E+08,,525,Boethius,,,https://commons.wikimedia.org/wiki/File:Boethius_initial_consolation_philosophy.jpg,"philosopher, writer, musicologist, music theorist, politician, mathematician, translator",philosopher
Nicolas Boileau-Despréaux,Literature,Male,1636,"Paris, France",7,Q188857,1636-11-01,2.99E+08,,1711-03-13,Boileau,,,https://commons.wikimedia.org/wiki/File:Nicolas_Boileau.PNG,"poet, writer, literary critic, lawyer, historian",poet
George Henry Boker,Literature,Male,1823,"Philadelphia, Pennsylvania, United States",10,Q13407942,1823-10-06,47555742,,1890-01-02,Boker,George,H,https://commons.wikimedia.org/wiki/File:GHBoker.jpg,"diplomat, poet, playwright, writer",diplomat
"Henry St John, 1st Viscount Bolingbroke","Military, Politics, and Law",Male,1678,"Battersea, Wandsworth, London, England",1,Q332470,1678-09-16,61539796,24496,1751-12-12,Bolingbroke,Lord,,"https://commons.wikimedia.org/wiki/File:Henry_St_John,_1st_Viscount_Bolingbroke_(1678-1751).jpg","politician, philosopher, historian, writer",politician
John Henry Boner,Literature,Male,1845,"Old Salem, North Carolina, United States",10,Q6238742,1845-01-31,18676462,,1903-03-06,Boner,John,H,,"poet, writer",poet
Barton Booth,Arts,Male,1681,"England, United Kingdom",1,Q4865594,1681,37816277,2872,1733-05-10,Booth,Barton,,,actor,actor
Nicholas Bourbon,Literature,Male,1503,"Vendeuvre-sur-Barse, France",7,Q3340138,1503,61581703,70782,1550,Borbonius,,,"https://commons.wikimedia.org/wiki/File:Nicolas_Bourbon,_by_Hans_Holbein.jpg",poet,poet
Francis William Bourdillon,Literature,Male,1852,"Runcorn, United Kingdom",9,Q5482785,1852-03-22,5027683,,1921-01-13,Bourdillon,Francis,W,,"poet, writer, translator, bibliophile, scientist",poet
Henry de Bracton,"Military, Politics, and Law",Male,1210,"Devon, England, United Kingdom",9,Q1197107,1210,47555925,3163,1268,Bracton,,,"https://commons.wikimedia.org/wiki/File:Bracton,_Henry_de_–_De_legibus_Angliae,_13th-century_–_BEIC_11560027.jpg","priest, lawyer",priest
Nicholas Brady,Literature,Male,1659,"Bandon, County Cork, Ireland",4,Q5584398,1659-10-28,71661670,3219,1726-05-20,Brady,Nicholas,,"https://commons.wikimedia.org/wiki/File:Nicholas_Brady,_by_Hugh_Howard_B&W.jpg",poet,poet
John Gardiner Calkins Brainard,Literature,Male,1795,"New London, Connecticut, United States",8,Q15453001,1795,44150782,,1828,Brainard,John,G,https://commons.wikimedia.org/wiki/File:John_Gardiner_Calkins_Brainard.jpg,"poet, writer",poet
Mary Gardiner Brainard,Literature,Female,1837,"New London, Connecticut, United States",10,Q6779613,1837-06-19,11766157,,1905-11-30,Brainard,Mary,G,,"poet, writer",poet
James Bramston,Literature,Male,1694,"Essex, England, United Kingdom",4,Q6130164,1694,22151648,3241,1744,Bramston,Rev,Mr,,"poet, writer, Anglican priest",poet
Jane Brereton,Literature,Female,1685,"Mold, Wales",3,Q6151191,1685,71246327,62642,1740-08-07,Brereton,Jane,,,"poet, writer",poet
Robert Bridges,Literature,Male,1844,"Kent, England, United Kingdom",10,Q925991,1844-10-23,73868561,32066,1930-04-21,Bridges,Robert,,https://commons.wikimedia.org/wiki/File:Robert_Bridges.jpg,"poet, writer",poet
Samuel Egerton Brydges,"Military, Politics, and Law",Male,1762,"Wootton, Kent, United Kingdom",10,Q168890,1762-11-30,27405359,3809,1837-09-08,Bridges,Samuel,E,https://commons.wikimedia.org/wiki/File:Samuel_Egerton_Brydges.jpg,"politician, genealogist, writer, poet, bibliographer",politician
John Bright,"Military, Politics, and Law",Male,1811,"Rochdale, Greater Manchester, England",10,Q176524,1811-11-16,69003330,3421,1889-03-27,Bright,John,,https://commons.wikimedia.org/wiki/File:John_Bright.jpg,"politician, writer",politician
Isaac H. Bromley,Literature,Male,1833,"Norwich, Connecticut, United States",9,Q6076408,1833-03-06,60664369,,1899,Bromley,Isaac,H,https://commons.wikimedia.org/wiki/File:Isaac_H._Bromley.jpg,"newspaper editor, editor, journalist",newspaper editor
Emily Brontë,Literature,Female,1818,"Thornton, Yorkshire, England, United Kindgom",10,Q80137,1818-07-30,97097302,3524,1848-12-19,Brontë,Emily,,https://commons.wikimedia.org/wiki/File:Emily_Brontë_by_Patrick_Branwell_Brontë_restored.jpg,"poet, novelist, writer, teacher, governess",poet
"Fulke Greville, 1st Baron Brooke","Military, Politics, and Law",Male,1554,"Alcester, England, United Kingdom",5,Q2373798,1554-10-03,46778759,11516,1628-09-30,Brooke,Lord,,https://commons.wikimedia.org/wiki/File:Fulke_Greville_1st_Baron_Brooke.jpg,"poet, statesperson, playwright, politician",poet
Phillips Brooks,Literature,Male,1835,"Boston, Massachusetts, United States",10,Q974734,1835-12-13,67275668,,1893-01-23,Brooks,Phillips,,https://commons.wikimedia.org/wiki/File:Phillips_Brooks.jpg,"priest, writer, hymnwriter",priest
Robert Barnabas Brough,Literature,Male,1828,"London, England, United Kingdom",10,Q7341877,1828-04-10,33358014,3577,1860-06-26,Brough,Robert,B,,journalist,journalist
"Henry Brougham, 1st Baron Brougham and Vaux","Military, Politics, and Law",Male,1778,"Cowgate, Edinburgh, Scotland",4,Q333220,1778-09-19,34592194,3581,1868-05-07,Brougham,Lord,,"https://commons.wikimedia.org/wiki/File:Henry_Brougham,_1st_Baron_Brougham_and_Vaux_by_James_Lonsdale.jpg","politician, writer, judge, philosopher, statesperson, jurist",politician
John Brown,Society,Male,1800,"Torrington, Litchfield County, Connecticut, United Kingdom",1,Q189366,1800-05-09,59091476,,1859-12-02,Brown,John,,https://commons.wikimedia.org/wiki/File:1846-47_John_Brown_by_Augustus_Washington_(without_frame).jpg,"abolitionist, entrepreneur, tanner, postmaster, social activist",abolitionist
Thomas Edward Brown,Literature,Male,1830,"Douglas, Isle of Man, United Kingdom",10,Q7789264,1830-05-05,17396996,3656,1897-10-29,Brown,Thomas,E,https://commons.wikimedia.org/wiki/File:T._E._Brown_(young).jpg,"poet, writer, theologian, teacher",poet
Tom Brown,Society,Male,1662,"Shropshire, United Kingdom",1,Q7815101,1662,19675122,3654,1704-06-18,Brown,Tom,,,translator,translator
Charles Farrar Browne,Literature,Male,1834,"Maine, United States",10,Q1064338,1834-04-26,52482810,,1867-03-06,Browne,Charles,F,https://commons.wikimedia.org/wiki/File:ArtemusWard.jpg,"comedian, writer, journalist",comedian
Thomas Browne,Other Sciences,Male,1605,"London, England, United Kingdom",7,Q313925,1605-10-19,41925299,3702,1682-10-19,Browne,Sir Thomas,,https://commons.wikimedia.org/wiki/File:Sir_Thomas_Browne_by_Joan_Carlile.jpg,"philosopher, physician writer, writer, physician",philosopher
William Browne,Literature,Male,1590,"Tavistock, Devon, England",7,Q3775720,1590,18015860,3706,1645,Browne,William,,,"poet, writer",poet
Henry Howard Brownell,Literature,Male,1820,"Providence, Rhode Island, United States",10,Q5723337,1820-02-06,60635204,,1872,Brownell,Henry,H,,"historian, poet, writer",historian
Robert Browning,Literature,Male,1812,"London, England, United Kingdom",7,Q233265,1812-05-07,24598774,3714,1889-12-12,Browning,Robert,,https://commons.wikimedia.org/wiki/File:Robert_Browning_by_Herbert_Rose_Barraud_c1888.jpg,"playwright, poet, writer, dramaturge",playwright
Elizabeth Barrett Browning,Literature,Female,1806,"Durham, England, United Kingdom",8,Q228494,1806-03-06,66464493,3711,1861-06-29,Browning,Elizabeth,,https://commons.wikimedia.org/wiki/File:ElizabethBarrettBrowning.jpg,"poet, screenwriter, essayist, pamphleteer, translator, writer",poet
William Jennings Bryan,"Military, Politics, and Law",Male,1860,"Salem, Scotland, United Kingdom",10,Q205282,1860-03-19,32004807,,1925-07-26,Bryan,William,J,https://commons.wikimedia.org/wiki/File:William_Jennings_Bryan.JPG,"politician, lawyer, diplomat, publisher, editor, writer",politician
William Cullen Bryant,Literature,Male,1794,"Cummington, Massachusetts",1,Q454840,1794-11-03,24640113,,1878-06-12,Bryant,William,Cullen,https://commons.wikimedia.org/wiki/File:William-Cullen-Bryant.jpeg,"poet, journalist, translator, writer, lawyer, politician",poet
Robert Williams Buchanan,Literature,Male,1841,"Caverswall, United Kingdom",10,Q5589250,1841-08-18,1.92E+08,32153,1901-06-10,Buchanan,Robert,W,https://commons.wikimedia.org/wiki/File:Portrait_of_Robert_Williams_Buchanan.jpg,"writer, poet, literary critic, novelist, playwright",writer
Richard Maurice Bucke,Other Sciences,Male,1837,"Methwold, United Kingdom",10,Q2150189,1837-03-18,56647741,,1902-02-19,Bucke,Richard,M,https://commons.wikimedia.org/wiki/File:Richard_Maurice_Bucke.jpg,"psychiatrist, writer",psychiatrist
"Georges-Louis Leclerc, Comte de Buffon",Other Sciences,Male,1707,"Montbard, Côte-d'Or, France",8,Q229264,1707-09-07,36915547,,1788-04-16,Buffon,,,https://commons.wikimedia.org/wiki/File:Georges-Louis_Leclerc_de_Buffon.jpg,"botanist, volcanologist, ornithologist, physicist, mathematician, translator, biologist, zoologist, philosopher, entomologist, astronomer, drawer, writer, naturalist",botanist
Alfred Bunn,Arts,Male,1796,"London, England, United Kingdom",8,Q4722386,1796-04-08,31984954,3940,1860-12-20,Bunn,Alfred,,"https://commons.wikimedia.org/wiki/File:Alfred_Bunn_Esqre_(BM_1906,1219.32).jpg","director, librettist",director
Henry Cuyler Bunner,Literature,Male,1855,"Oswego, New York, United States",10,Q12053854,1855-08-03,61910988,,1896-05-11,Bunner,Henry,C,https://commons.wikimedia.org/wiki/File:Bunner.jpg,"novelist, poet, short story writer, writer",novelist
John Bunyan,Religion,Male,1628,"Elstow, Bedfordshire, United Kingdom",1,Q108206,1628-11-28,71388170,3949,1688-08-31,Bunyan,John,,https://commons.wikimedia.org/wiki/File:John_Bunyan_by_Thomas_Sadler_1684.jpg,"theologian, writer, preacher, novelist, tinker",theologian
Samuel D. Burchard,"Military, Politics, and Law",Male,1836,"Leyden, Lewis County, New York, United States",9,Q2218116,1836-07-17,,,1901-09-01,Burchard,Samuel,D,https://commons.wikimedia.org/wiki/File:Samuel_D._Burchard_(Wisconsin_Congressman).jpg,politician,politician
Edmund Burke,"Military, Politics, and Law",Male,1729,"Dublin, Ireland",2,Q165792,1729-01-12,1.00E+08,4019,1797-07-09,Burke,Edmund,,"https://commons.wikimedia.org/wiki/File:Sir_Joshua_Reynolds_-_Edmund_Burke,_1729_-_1797._Statesman,_orator_and_author_-_PG_2362_-_National_Galleries_of_Scotland.jpg","politician, philosopher, writer, political scientist",politician
F. C. Burnand,Literature,Male,1836,"London, England, United Kingdom",10,Q5217819,1836-11-29,69306947,32183,1917-04-21,Burnand,Francis,C,https://commons.wikimedia.org/wiki/File:Francis_Burnand.png,"journalist, librettist, editor, writer, barrister",journalist
Robert Burns,Literature,Male,1759,"Alloway, South Ayrshire, Scotland, United Kingdom",1,Q81960,1759-01-25,32012434,4093,1796-07-21,Burns,Robert,,https://commons.wikimedia.org/wiki/File:Robert_Burns_1.jpg,"songwriter, poet, writer, musicologist, farmer",songwriter
Robert Burton,Literature,Male,1577,"Leicestershire, England, United Kingdom",3,Q259132,1577-02-08,24641986,4137,1640-01-25,Burton,Robert,,https://commons.wikimedia.org/wiki/File:Robert_Burton_by_Gilbert_Jackson.jpg,"essayist, writer, university teacher",essayist
William Allen Butler,"Military, Politics, and Law",Male,1825,"Albany, New York, United States",10,Q8004350,1825-02-20,60516884,,1902-09-09,Butler,William,A,https://commons.wikimedia.org/wiki/File:William_Allen_Butler_cph.3b02586.jpg,"lawyer, writer",lawyer
Samuel Butler,Literature,Male,1612,"Strensham, United Kingdom",1,Q258766,1612-02-03,64028293,4204,1680-09-25,Butler,Samuel,,https://commons.wikimedia.org/wiki/File:Samuel_Butler_by_Pieter_Borsseler.jpg,"poet, writer",poet
Mary Butts,Literature,Female,1890,"Poole, Dorset, England",10,Q2235837,1890-12-13,14796919,38304,1937-03-05,Butts,Mary,F,https://commons.wikimedia.org/wiki/File:Photograph_of_Mary_Butts.jpg,"novelist, writer",novelist
William Byrd,Arts,Male,1543,"Lincolnshire, England, United Kingdom",8,Q208375,1543,1.13E+08,4267,1623-07-04,Byrd,William,,https://commons.wikimedia.org/wiki/File:William_Byrd.jpg,"composer, organist",composer
John Byrom,Literature,Male,1692,"Manchester, Manchester, England, United Kingdom",1,Q1360179,1692-02-29,52488399,4278,1763-09-26,Byrom,John,,https://commons.wikimedia.org/wiki/File:John_Byrom.jpg,"poet, writer, inventor",poet
Lord Byron,Literature,Male,1788,"London, England, United Kingdom",1,Q5679,1788-01-22,95230688,4279,1824-04-19,Byron,Lord,,https://commons.wikimedia.org/wiki/File:Byron_1813_by_Phillips.jpg,"poet, lyricist, politician, playwright, autobiographer, translator, military personnel, diarist, writer, librettist, aristocrat, philhellene",poet
John C. Calhoun,"Military, Politics, and Law",Male,1782,"Abbeville, South Carolina, United States",8,Q207191,1782-03-18,32010914,,1850-03-31,Calhoun,John,C,https://commons.wikimedia.org/wiki/File:John_C._Calhoun.jpeg,"politician, lawyer, diplomat, writer",politician
Callimachus,Literature,Male,-300,"Cyrene, ancient Greek and Roman city",7,Q192417,-300,99454635,,-240,Callimachus,,,https://commons.wikimedia.org/wiki/File:WHToms_Callimachus.png,"poet, librarian, epigrammatist, mythographer, elegist, writer",poet
Charles Stuart Calverley,Literature,Male,1831,"Worcestershire, England, United Kingdom",10,Q4209191,1831-12-22,38066632,4409,1884-02-17,Calverley,Charles,S,https://commons.wikimedia.org/wiki/File:Charles_Stuart_Calverley.jpg,"poet, translator, writer, humorist",poet
Pierre Cambronne,"Military, Politics, and Law",Male,1770,"Nantes, Loire-Atlantique, France",4,Q472540,1770-12-26,52441604,,1842-01-29,Cambronne,,,https://commons.wikimedia.org/wiki/File:Pierre_Cambronne_portrait.jpg,"military personnel, politician",military personnel
William Camden,History and Philosophy,Male,1551,"London, England, United Kingdom",9,Q364239,1551-05-02,64132346,4431,1623-11-09,Camden,William,,https://commons.wikimedia.org/wiki/File:William_Camden_by_Marcus_Gheeraerts_the_Younger.jpg,"antiquarian, heraldist, writer, historian",antiquarian
"John Campbell, 1st Baron Campbell","Military, Politics, and Law",Male,1779,"Cupar, Fife, Scotland",7,Q332738,1779-09-15,51763020,4521,1861-06-23,Campbell,Lord John,,https://commons.wikimedia.org/wiki/File:1stBaronCampbell.JPG,"judge, politician, writer",judge
Thomas Campbell,Literature,Male,1777,"Glasgow, Scotland, United Kingdom",1,Q1361189,1777-07-27,39510901,4534,1844-06-15,Campbell,Thomas,,https://commons.wikimedia.org/wiki/File:Thomas_Campbell.jpg,"poet, musicologist, writer, journalist",poet
George Canning,"Military, Politics, and Law",Male,1770,"London, England, United Kingdom",1,Q219731,1770-04-11,7443935,4556,1827-08-08,Canning,George,,"https://commons.wikimedia.org/wiki/File:George_Canning,_Prime_Minister_of_The_United_Kingdom.jpg","politician, diplomat, lawyer, writer, bretteur",politician
Thomas Carew,Literature,Male,1594,"London, England, United Kingdom",1,Q2040910,1594,3.15E+08,4639,1640-03-22,Carew,Thomas,,https://commons.wikimedia.org/wiki/File:Vandyke_-_Thomas_Carew.jpg,"poet, writer",poet
Henry Carey,Literature,Male,1687,"London, England, United Kingdom",1,Q1606590,1687-08-27,14965532,4651,1743-10-05,Carey,Henry,,https://commons.wikimedia.org/wiki/File:Henry_Carey_by_Grignion.jpg,"poet, composer, writer",poet
Will Carleton,Literature,Male,1845,"Hudson, Michigan, United States",10,Q8002737,1845-10-21,18645942,,1912-12-18,Carleton,Will,,https://commons.wikimedia.org/wiki/File:Will_Carleton_001.jpg,"journalist, poet, writer",journalist
Thomas Carlyle,Literature,Male,1795,"Ecclefechan, Dumfries and Galloway, Scotland, United Kingdom",8,Q151403,1795-12-04,39390702,4697,1881-02-05,Carlyle,Thomas,,https://commons.wikimedia.org/wiki/File:Picture_of_Thomas_Carlyle.jpg,"linguist, literary historian, historian, translator, mathematician, philosopher, essayist, writer, literary critic, novelist, teacher",linguist
Bliss Carman,Literature,Male,1861,"Fredericton, New Brunswick, Canada",10,Q3068116,1861-04-15,29655268,32294,1929-06-08,Carman,Bliss,,https://commons.wikimedia.org/wiki/File:Page026_CanadianSingersAndTheirSongs_CarmanBliss.jpg,"poet, writer, journalist, editor",poet
Julia Abigail Fletcher Carney,Literature,Female,1823,"Lancaster, Worcester County, Massachusetts, United States",9,Q13563238,1823-04-06,55613629,,1908-11-01,Carney,Julia,A.F.,https://commons.wikimedia.org/wiki/File:Portrait_of_Julia_Abigail_Fletcher_Carney.jpg,"poet, writer",poet
Joseph Edwards Carpenter,Arts,Male,1813,"London, England, United Kingdom",8,Q6282867,1813-11-02,72132039,,1885-05-06,Carpenter,Joseph,E,,"playwright, composer, songwriter",playwright
Lewis Carroll,Literature,Male,1832,"Daresbury, Cheshire, England",10,Q38082,1832-01-27,66462036,7749,1898-01-14,Carroll,Lewis,,https://commons.wikimedia.org/wiki/File:LewisCarrollSelfPhoto.jpg,"mathematician, logician, photographer, poet, deacon, children's writer, diarist, novelist, writer, autobiographer, philosopher",mathematician
Robert Carruthers,Literature,Male,1799,"Dumfries and Galloway, Scotland",8,Q7342789,1799,24841961,4770,1878,Carruther,Robert,,https://commons.wikimedia.org/wiki/File:Robert_Caruthers_(ca._1840).jpg,"lexicographer, linguist, historian, journalist, literary critic, literary editor",lexicographer
Alice Cary,Literature,Female,1820,"Cincinnati, Ohio, United States",10,Q606543,1820-04-26,1.04E+08,,1871-02-12,Cary,Alice,,https://commons.wikimedia.org/wiki/File:Alice_cary_portrait_in_cary_cottage.jpg,"poet, novelist, writer, children's writer, suffragist",poet
Phoebe Cary,Literature,Female,1824,"Cincinnati, Ohio, United States",10,Q1235042,1824-09-04,21080934,,1871-07-31,Cary,Phoebe,,https://commons.wikimedia.org/wiki/File:Phoebe_cary_portrait_in_cary_cottage_(2).jpg,"poet, writer",poet
Catullus,Literature,Male,-84,"Verona, Veneto, Italy",8,Q163079,-84,1.00E+08,,-54,Catullus,,,https://commons.wikimedia.org/wiki/File:Catull_Sirmione.jpg,"poet, writer",poet
Madison Cawein,Literature,Male,1865,"Louisville, Kentucky, United States",10,Q6727897,1865-03-23,72557849,,1914-12-08,Cawein,Madison,J,https://commons.wikimedia.org/wiki/File:Mason_Cawein_1905.jpg,"poet, writer",poet
Susanna Centlivre,Literature,Female,1667,"Whaplode, United Kingdom",4,Q931103,1667,41874559,4994,1723-12-01,Centlivre,Susannah,,https://commons.wikimedia.org/wiki/File:Susanna_Centlivre.jpg,"poet, playwright, writer, actor",poet
Miguel de Cervantes,Literature,Male,1547,"Alcalá de Henares, Madrid, Spain",1,Q5682,1547-09-29,17220427,,1616-04-22,Cervantes,Miguel de,,https://commons.wikimedia.org/wiki/File:Cervantes_Jáuregui.jpg,"novelist, playwright, poet, lyricist, soldier, writer, accountant, tax collector",novelist
Joseph Chamberlain,"Military, Politics, and Law",Male,1836,"London, England, United Kingdom",10,Q315999,1836-07-08,76324934,32350,1914-07-02,Chamberlain,Joseph,,https://commons.wikimedia.org/wiki/File:Joseph_Chamberlain_in_colour.jpg,politician,politician
Robert Chambers,Literature,Male,1802,"Peebles, Scotland",8,Q515008,1802-07-10,61590299,5079,1871-03-17,Chambers,Robert,,"https://commons.wikimedia.org/wiki/File:Robert_Chambers,_publisher,_ca1863.jpg","writer, publisher, historian, biographer, biologist, naturalist, geologist",writer
William Ellery Channing,Religion,Male,1780,"Newport, Rhode Island, United States",9,Q1352783,1780-04-07,44322076,,1842-10-02,Channing,William,E,https://commons.wikimedia.org/wiki/File:WilliamElleryChanning.jpg,"theologian, pastor, writer, Christian minister",theologian
George Chapman,Literature,Male,1559,"Hertfordshire, England, United Kingdom",7,Q342720,1559,41879013,5118,1634-05-12,Chapman,George,,https://commons.wikimedia.org/wiki/File:George_Chapman.jpg,"playwright, linguist, poet, translator, writer",playwright
DNE,,,,,1,,,,,,Charles,,,,,
Charles II of England,"Military, Politics, and Law",Male,1630,"London, England, United Kingdom",1,Q122553,1630-05-29,88984774,5144,1685-02-06,Charles II,,,https://commons.wikimedia.org/wiki/File:Sir_Peter_Lely_(1618-80)_-_Charles_II_(1630-1685)_-_RCIN_405672_-_Royal_Collection.jpg,"politician, slave trader, sovereign, art collector, monarch",politician
Pierre Charron,Religion,Male,1541,"Paris, France",8,Q463846,1541,32015289,,1603-11-16,Charron,,,https://commons.wikimedia.org/wiki/File:CharronDet.jpg,"philosopher, theologian, writer, cleric",philosopher
Salmon P. Chase,"Military, Politics, and Law",Male,1808,"Cornish, New Hampshire, United States",8,Q433051,1808-01-13,47569925,,1873-05-07,Chase,Salmon,P,"https://commons.wikimedia.org/wiki/File:Mathew_Brady,_Portrait_of_Secretary_of_the_Treasury_Salmon_P._Chase,_officer_of_the_United_States_government_(1860–1865,_full_version)_(1).jpg","politician, judge, lawyer, writer",politician
Geoffrey Chaucer,Literature,Male,1343,"London, England, United Kingdom",5,Q5683,1343,1.00E+08,5191,1400-10-25,Chaucer,Geoffrey,,https://commons.wikimedia.org/wiki/File:Portrait_of_Geoffrey_Chaucer_(4671380)_(cropped)_02.jpg,"linguist, poet, lyricist, philosopher, politician, translator, astrologer, writer",linguist
Andrew Cherry,Arts,Male,1762,"Limerick, Munster, Ireland",7,Q4756596,1762-01-11,57298833,5222,1812-02-12,Cherry,Andrew,,"https://commons.wikimedia.org/wiki/File:Andrew_Cherry_as_Lazarillo,_by_James_Saxon.jpg","actor, songwriter, playwright",actor
Lydia Maria Child,Literature,Female,1802,"Medford, Middlesex County, Massachusetts, United States",5,Q443132,1802-02-11,73891035,,1880-10-20,Child,Lydia,Maria,https://commons.wikimedia.org/wiki/File:Lydia_Maria_Child.jpg,"novelist, poet, journalist, writer, geologist, philosopher",novelist
Thomas Holley Chivers,Literature,Male,1809,"Washington, Georgia, United States",10,Q979771,1809-10-18,77109718,,1858-12-18,Chivers,Thomas,H,https://commons.wikimedia.org/wiki/File:ThomasHolleyChivers.jpg,"poet, writer",poet
Rufus Choate,"Military, Politics, and Law",Male,1799,"Ipswich, Essex County, Massachusetts, United States",3,Q2174770,1799-10-01,33288487,,1859-07-13,Choate,Rufus,,https://commons.wikimedia.org/wiki/File:RufusChoate.jpg,"politician, lawyer, writer",politician
Henry Chorley,Literature,Male,1808,"Billinge, Lancashire, England, United Kingdom",9,Q5719397,1808-12-15,56757298,5350,1872-02-16,Chorley,Henry,F,,"journalist, writer, music critic, literary critic",journalist
David Christy,Society,Male,1869,"Ballarat East, Ballarat, Victoria, Australia",9,Q5232370,1869-07-03,,,1919-07-02,Christy,David,,https://commons.wikimedia.org/wiki/File:DavidChristy.jpg,Australian rules football player,Australian rules football player
Benjamin Church,"Military, Politics, and Law",Male,1639,"Plymouth, Massachusetts, United States",7,,1639,,,1718,Church,Benjamin,,,,
Charles Churchill,Literature,Male,1731,"Westminster, London, England, United Kingdom",1,Q1063958,1731-02-01,36938051,5397,1764-11-04,Churchill,Charles,,https://commons.wikimedia.org/wiki/File:Churchill_-_from_an_origl._A._Smith_sculp._LCCN2012648933.jpg,"poet, writer",poet
Colley Cibber,Literature,Male,1671,"London, England, United Kingdom",1,Q918326,1671-11-06,51763613,5416,1757-12-11,Cibber,Colley,,https://commons.wikimedia.org/wiki/File:Colley_Cibber.jpg,"playwright, poet, writer, stage actor",playwright
Cicero,"Military, Politics, and Law",Male,-106,"Arpino, Italy",7,Q1541,-106-01-03,78769600,,-43-12-07,Cicero,,,https://commons.wikimedia.org/wiki/File:Bust_of_Cicero_(1st-cent._BC)_-_Palazzo_Nuovo_-_Musei_Capitolini_-_Rome_2016.jpg,"philosopher, poet, political theorist, jurist, writer, Ancient Roman priest, Ancient Roman politician, Ancient Roman military personnel, lawyer, orator, politician",philosopher
"Edward Hyde, 1st Earl of Clarendon","Military, Politics, and Law",Male,1609,"London, England, United Kingdom",7,Q335173,1609-02-18,4940582,14328,1674-12-09,Clarendon,Edward,Hyde,"https://commons.wikimedia.org/wiki/File:Edward_Hyde,_1st_Earl_of_Clarendon_by_Adriaen_Hanneman.jpg","historian, politician, judge, writer",historian
McDonald Clarke,Literature,Male,1798,"Bath, Maine, United States",8,Q6800897,1798,46614683,,1842,Clarke,Macdonald,,https://commons.wikimedia.org/wiki/File:McDonald_Clarke_-_Appleton's_cyclopaedia.jpg,"poet, writer",poet
Henry Clay,"Military, Politics, and Law",Male,1777,"Hanover County, Virginia, United States",5,Q319630,1777-04-12,32012452,,1852-06-29,Clay,Henry,,https://commons.wikimedia.org/wiki/File:Henry_Clay.JPG,"politician, lawyer, diplomat, writer",politician
Mark Twain,Literature,Male,1835,"Florida, Missouri, United States",10,Q7245,1835-11-30,50566653,,1910-04-21,Clemens,Samuel,L,https://commons.wikimedia.org/wiki/File:MarkTwain.LOC.jpg,"journalist, novelist, autobiographer, teacher, humorist, children's writer, travel writer, aphorist, science fiction writer, writer, prose writer, opinion journalist",journalist
Grover Cleveland,"Military, Politics, and Law",Male,1837,"Caldwell, Essex County, New Jersey, United States",9,Q35171,1837-03-18,30330745,,1908-06-24,Cleveland,Grover,,https://commons.wikimedia.org/wiki/File:Grover_Cleveland_-_NARA_-_518139_(cropped).jpg,"politician, lawyer, statesperson, executioner, writer",politician
Arthur Hugh Clough,Literature,Male,1819,"Liverpool, Merseyside, England, United Kingdom",10,Q709930,1819,68944993,5711,1861-11-13,Clough,Arthur,H,https://commons.wikimedia.org/wiki/File:Arthur_Hugh_Clough_1860.jpg,"poet, writer",poet
Alfred Cochrane,Society,Male,1865,"Moka, Mauritius",10,Q4722462,1865-01-26,49102784,,1948-12-14,Cochrane,Alfred,,,"cricketer, association football player, writer",cricketer
Christopher Codrington,"Military, Politics, and Law",Male,1668,"Barbados,",5,Q2966572,1668,8188712,5795,1710-04-07,Codrington,Christopher,,https://commons.wikimedia.org/wiki/File:Codrington_Statue.jpg,"soldier, politician, slave trader, plantation owner",soldier
Edward Coke,"Military, Politics, and Law",Male,1552,"Mileham, Norfolk, England, United Kingdom",1,Q332435,1552-02-01,27099070,5826,1634-09-03,Coke,Sir Edward,,https://commons.wikimedia.org/wiki/File:Edward_coke.jpg,"politician, judge, barrister, jurist",politician
Mary Elizabeth Coleridge,Literature,Female,1861,"London, England, United Kingdom",10,Q433136,1861-09-23,8191834,32490,1907-08-25,Coleridge,Mary,E,https://commons.wikimedia.org/wiki/File:Mary_Elizabeth_Coleridge.jpg,"poet, novelist, writer",poet
Samuel Taylor Coleridge,Literature,Male,1772,"Ottery St Mary, Devon, England",1,Q82409,1772-10-21,24599809,5888,1834-07-25,Coleridge,Samuel,Taylor,https://commons.wikimedia.org/wiki/File:Samuel_Taylor_Coleridge_at_age_42.jpg,"poet, philosopher, theologian, literary critic, critic, writer",poet
Hartley Coleridge,Literature,Male,1796,"Bristol, South West England, United Kingdom",7,Q960709,1796-09-19,40220624,5880,1849-01-06,Coleridge,Hartley,,https://commons.wikimedia.org/wiki/File:Hartley_Coleridge_1.jpg,"writer, poet, biographer, teacher",writer
Daniel Clement Colesworthy,Literature,Male,1810,"Portland, Maine, United States",10,Q5216813,1810-07-14,48175939,,1893-04-01,Colesworthy,Daniel,C,,"poet, teacher",poet
William Collins,Literature,Male,1721,"Chichester, West Sussex, England",1,Q919133,1721-12-25,79091605,5957,1759-06-12,Collins,William,,https://commons.wikimedia.org/wiki/File:WilliamCollinsPoet.jpg,"poet, writer",poet
Mortimer Collins,Literature,Male,1827,"Plymouth, Devon, England",10,Q1960794,1827-06-29,53046646,5947,1876-07-28,Collins,Mortimer,,https://commons.wikimedia.org/wiki/File:Mortimer_Collins.jpg,"writer, novelist, poet",writer
George Colman the Younger,Literature,Male,1762,"London, England, United Kingdom",1,Q513170,1762-10-21,30345422,5977,1836-10-17,Colman,George,,https://commons.wikimedia.org/wiki/File:George_colman_younger.PNG,"poet, playwright, writer",poet
Charles Caleb Colton,Religion,Male,1780,"London, England, United Kingdom",8,Q4228726,1777,15133868,5999,1832,Colton,C,C,,"writer, priest",writer
William Congreve,Literature,Male,1670,"Leeds, West Yorkshire, England, United Kingdom",1,Q366805,1670-01-24,24616924,6069,1729-01-19,Congreve,William,,"https://commons.wikimedia.org/wiki/File:William_Congreve_by_Sir_Godfrey_Kneller,_Bt.jpg","playwright, poet, writer, translator, engineer, librettist",playwright
Benjamin Constant,"Military, Politics, and Law",Male,1767,"Lausanne, the canton of Vaud in Romandy, Switzerland",9,Q123089,1767-10-25,45095766,,1830-12-08,Constant,Henry,B,https://commons.wikimedia.org/wiki/File:Henri-Benjamin_Constant_de_Rebecque.png,"philosopher, politician, writer, diarist, scientist",philosopher
Eliza Cook,Literature,Female,1818,"London Road, Southwark, London, England, United Kingdom",5,Q4245675,1818-12-24,63109226,6135,1889-09-23,Cook,Eliza,,https://commons.wikimedia.org/wiki/File:Eliza_Cook_by_William_Etty.jpg,"journalist, poet, editor, writer",journalist
Sarah Chauncey Woolsey,Literature,Female,1835,"Cleveland, Ohio, United States",10,Q2915918,1835-01-29,74797220,,1905-04-09,Coolidge,Susan,,https://commons.wikimedia.org/wiki/File:Woolsey_Sarah_c_aka_Susan_Coolidge.jpg,"writer, children's writer, poet",writer
James Fenimore Cooper,Literature,Male,1789,"Burlington, New Jersey, United States",8,Q167856,1789-09-15,27062769,,1851-09-14,Cooper,J,Fenimore,https://commons.wikimedia.org/wiki/File:James_Fenimore_Cooper_by_Jarvis.jpg,"writer, military officer, novelist, children's writer, biographer",writer
Anne-Marie Bigot de Cornuel,Society,Female,1605,"Paris, France",4,Q2850831,1605-11-29,2.53E+08,,1694,Cornuel,Madame,,https://commons.wikimedia.org/wiki/File:Madame_Cornuel_Gallica.jpg,salonnière,salonnière
Nathaniel Cotton,Literature,Male,1707,"London, England, United Kingdom",1,Q6969550,1707,66833431,6422,1788-08-02,Cotton,Nathaniel,,https://commons.wikimedia.org/wiki/File:Nathaniel_Cotton.jpg,poet,poet
Abraham Cowley,Literature,Male,1618,"City of London, London, England, United Kingdom",1,Q329896,1618,95254963,6499,1667-07-28,Cowley,Abraham,,https://commons.wikimedia.org/wiki/File:Abraham_Cowley_by_Sir_Peter_Lely.jpg,"poet, essayist, playwright, prose writer, writer",poet
William Cowper,Literature,Male,1731,"Berkhamsted, Hertfordshire, England",1,Q315537,1731-11-26,32009788,6513,1800-04-25,Cowper,William,,https://commons.wikimedia.org/wiki/File:William_Cowper_by_Lemuel_Francis_Abbott.jpg,"poet, translator, writer, poet lawyer, hymnwriter",poet
George Crabbe,Literature,Male,1754,"Aldeburgh, Suffolkm, England",1,Q903516,1754-12-24,1.00E+08,6552,1832-02-03,Crabbe,George,,https://commons.wikimedia.org/wiki/File:George_Crabbe_by_Henry_William_Pickersgill.jpg,"poet, writer, entomologist, surgeon, public health physician, physician, naturalist",poet
Christopher Pearse Cranch,Literature,Male,1813,"Columbia, South Carolina, United States",1,Q5113040,1813-03-08,47982114,,1892-01-20,Cranch,Christopher,P,https://commons.wikimedia.org/wiki/File:Christopher_P_Cranch_-_cropped.jpg,"writer, painter, children's writer, novelist, poet",writer
William W. Crapo,"Military, Politics, and Law",Male,1830,"Dartmouth, Bristol County, Massachusetts, United States",10,Q1114004,1830-05-16,36101391,,1926-02-28,Crapo,W,W,https://commons.wikimedia.org/wiki/File:WilliamWCrapo.jpg,"politician, lawyer",politician
Richard Crashaw,Literature,Male,1612,"London, England, United Kingdom",1,Q553900,1612,22212841,6622,1649-08-21,Crashaw,Richard,,,"poet, writer",poet
Ann Street Barry,Arts,Female,1734,"Bath, England, United Kingdom",8,Q4766691,1734,70951415,1549,1801-11-29,Crawford,Anne,,https://commons.wikimedia.org/wiki/File:Lady-molineux_Anne_Street_Barry.jpg,actor,actor
Davy Crockett,"Military, Politics, and Law",Male,1786,"Limestone, Tennessee, Tennessee, United States",9,Q311070,1786-08-17,62341981,,1836-03-06,Crockett,David,,"https://commons.wikimedia.org/wiki/File:Portrait_of_David_Crockett,_1831.jpg","frontiersman, military personnel, politician, explorer, writer, hunter, trapper",frontiersman
Ingram Crockett,Literature,Male,1856,"Henderson, Kentucky, United States",10,Q6033032,1856-02-10,2.02E+08,,1936-10-05,Crockett,Ingram,,,"poet, journalist",poet
Fanny Crosby,Literature,Female,1820,"Brewster, New York, United States",10,Q257456,1820-03-24,,,1915-02-12,Crosby,Frances,J.V.,https://commons.wikimedia.org/wiki/File:Fanny_Crosby.jpg,"composer, poet, singer, writer, teacher, hymnwriter",composer
George Eliot,Literature,Female,1819,"Nuneaton, Warwickshire, England",10,Q131333,1819-11-22,89000553,6794,1880-12-22,Cross,Marian,E,"https://commons.wikimedia.org/wiki/File:George_Eliot,_por_François_D'Albert_Durade.jpg","novelist, translator, philosopher, writer, poet, journalist, essayist, editor",novelist
Allan Cunningham,Literature,Male,1784,"Keir, Dumfries and Galloway, Scotland",5,Q2062341,1784-12-07,79253486,6918,1842-10-30,Cunningham,Allan,,https://commons.wikimedia.org/wiki/File:Allan_Cunningham_by_Henry_Room.jpg,"writer, composer, journalist, musicologist, poet, biographer, art historian",writer
John Philpot Curran,"Military, Politics, and Law",Male,1750,"Newmarket, County Cork, Munster, Ireland",9,Q3182298,1750-07-24,69776233,6950,1817-10-14,Curran,John,P,https://commons.wikimedia.org/wiki/File:John_Philpot_Curran_from_NPG.jpg,"jurist, politician, poet, barrister",jurist
George William Curtis,Literature,Male,1824,"New York City, New York, United States",10,Q4219688,1824-02-24,37710186,,1892-08-31,Curtis,George,W,https://commons.wikimedia.org/wiki/File:George_William_Curtis_-_Brady-Handy.jpg,"writer, journalist, satirist, essayist, literary editor",writer
Quintus Curtius Rufus,History and Philosophy,Male,100,Greece,8,Q5959,100,73866222,,,Curtius,Quintus,,"https://commons.wikimedia.org/wiki/File:Francia,_quinto_curzio_rufo,_storia_di_alessandro_magno,_1450-1500_ca.,_med._pal._155,_02.JPG","historian, writer, politician",historian
"Sir John Dalrymple, 4th Baronet","Military, Politics, and Law",Male,1726,"Edinburgh, Scotland, United Kingdom",7,Q3181683,1726,22410349,7055,1810-02-26,Dalrymple,Sir John,,,"judge, historian, chemist",judge
Charles Dance,Literature,Male,1794,"Redditch, Worcestershire, England, United Kingdom",8,Q5076701,1794,22881980,7094,1863,Dance,Charles,,,playwright,playwright
Samuel Daniel,Literature,Male,1562,"Taunton, Somerset, England",5,Q954735,1562,19724868,7120,1619-10-14,Daniel,Samuel,,https://commons.wikimedia.org/wiki/File:Samuel_Daniel.png,"poet, historian, playwright, writer",poet
Dante Alighieri,Literature,Male,1265,"Florence, Tuscany, Italy",7,Q1067,1265,97105654,,1321-09-14,Dante,,,https://commons.wikimedia.org/wiki/File:Portrait_de_Dante.jpg,"poet, writer, prose writer, politician, philosopher, political theorist, intellectual, linguist",poet
Agnes Mary Frances Duclaux,Literature,Female,1857,"Leamington Hastings, United Kingdom",10,Q517162,1857-02-27,76367889,59577,1944-02-09,Darmesteter,Agnes,M.F.R.,"https://commons.wikimedia.org/wiki/File:The_collected_poems,_lyrical_and_narrative,_of_A._Mary_F._Robinson_-_Frontispiece.png","writer, poet, translator, literary critic",writer
Erasmus Darwin,Other Sciences,Male,1731,"Elston, Nottinghamshire, United Kingdom",5,Q234050,1731-12-12,7419078,7177,1802-04-18,Darwin,Erasmus,,https://commons.wikimedia.org/wiki/File:Portrait_of_Erasmus_Darwin_by_Joseph_Wright_of_Derby_(1792).jpg,"biologist, physician, botanist, physician writer, philosopher, entomologist, poet, physiologist, naturalist, writer",biologist
Charles Darwin,Other Sciences,Male,1809,"The Mount, Shrewsbury, England, United Kingdom",9,Q1035,1809-02-12,27063124,7176,1882-04-19,Darwin,Charles,,https://commons.wikimedia.org/wiki/File:Charles_Darwin_portrait.jpg,"geologist, explorer, travel writer, ethologist, naturalist, philosopher, writer, botanist",geologist
William Davenant,Literature,Male,1606,"Oxford, Oxfordshire, England",5,Q450199,1606-02-01,41838700,7197,1668-04-07,Davenant,Sir William,,https://commons.wikimedia.org/wiki/File:William_Davenant.jpg,"playwright, poet, writer",playwright
John Davidson,Literature,Male,1857,"Barrhead, Scotland",10,Q4171981,1857-04-11,14817357,32729,1909-03-23,Davidson,John,,https://commons.wikimedia.org/wiki/File:John_Davidson_(poet)_002.jpg,"linguist, translator, poet, writer",linguist
Adam David,Other Sciences,Male,1872,"Biel/Bienne, Switzerland",7,Q349108,1872-07-04,,,,Davie,Adam,,,"author, zoologist",author
John Davies,"Military, Politics, and Law",Male,1569,"England, United Kingdom",7,Q2529003,1569-04-16,1.00E+08,7245,1626-12-08,Davies,Sir John,,,"politician, poet, lawyer, writer, jurist",politician
Scrope Berdmore Davies,Society,Male,1782,"Horsley, Gloucestershire, England, United Kingdom",7,Q18757123,1782,48094930,59368,1852,Davies,Scrope,,,,
Jefferson Davis,"Military, Politics, and Law",Male,1808,"Fairview, Kentucky, United States",9,Q162269,1808-06-03,32054612,,1889-12-06,Davis,Jefferson,,https://commons.wikimedia.org/wiki/File:President-Jefferson-Davis.jpg,"military officer, politician, businessperson, political writer, writer",military officer
Thomas Davis,Literature,Male,1814,"Mallow, County Cork, Ireland",8,Q7788880,1814-10-14,52480678,7294,1845-09-16,Davis,Thomas,,https://commons.wikimedia.org/wiki/File:Thomas_Davis_Young_Irelander.JPG,"writer, poet, politician, journalist",writer
Gilles de Caux de Montlebert,Literature,Male,1682,"Les Ligneries, France",7,Q3106564,1682,2.96E+08,,1733-09-17,De,Caux,,,"poet, playwright",poet
Alfred de Musset,Literature,Male,1810,"Paris, France",10,Q179680,1810-12-11,54151927,,1857-05-02,De,Musset,Alfred,https://commons.wikimedia.org/wiki/File:Alfred_de_musset.jpg,"writer, poet, playwright, novelist, librarian, chess composer",writer
Melchior de Polignac,"Military, Politics, and Law",Male,1661,"Lavoûte-sur-Loire, Haute-Loire, France",8,Q1247737,1661-10-11,89067645,,1742-11-20,de Polignac,Melchoir,,https://commons.wikimedia.org/wiki/File:Portrait_of_Melchior_de_Polignac.jpg,"diplomat, writer, cleric, poet, philologist, politician, Catholic bishop",diplomat
Stephen Decatur,"Military, Politics, and Law",Male,1779,"Berlin, Maryland, United States",5,Q720374,1779-01-05,37201936,,1820-03-22,Decatur,Stephen,,"https://commons.wikimedia.org/wiki/File:Stephen_Decatur,_by_John_Wesley_Jarvis_-_KN-2779.jpg",military officer,military officer
"Marie Anne de Vichy-Chamrond, marquise du Deffand",Society,Female,1697,"Charolles, Saône-et-Loire, France",9,Q297785,1696-09-25,41901817,,1780-08-23,Deffand,Madame du,,https://commons.wikimedia.org/wiki/File:Mme_du_Deffant_CIPA0635.jpg,"woman of letters, salonnière, women letter writer, writer",woman of letters
Daniel Defoe,Literature,Male,1660,"Cripplegate, London, England, United Kingdom",1,Q40946,1660-09-13,39375774,7421,1731-04-24,Defoe,Daniel,,https://commons.wikimedia.org/wiki/File:Daniel_Defoe_Kneller_Style.jpg,"journalist, novelist, prose writer, children's writer, publicist, writer, businessperson, opinion journalist, poet, publisher",journalist
Thomas Dekker,Literature,Male,1572,"London, England, United Kingdom",1,Q336189,1572,39402413,7428,1632-08-25,Dekker,Thomas,,https://commons.wikimedia.org/wiki/File:Dekker_his_dreame_(1620).jpg,"playwright, poet, writer",playwright
Demodocus,"Military, Politics, and Law",Male,-384,"Athens, Greece",7,,-384,,,,Demodocus,,,,,
Demosthenes,"Military, Politics, and Law",Male,-384,"Upper Paiania, ancient Athenian deme",9,Q117253,-384,2.68E+08,,-322-10-12,Demosthenes,,,https://commons.wikimedia.org/wiki/File:Demosthenes_orator_Louvre.jpg,"politician, diplomat, orator, writer",politician
John Denham,Literature,Male,1615,"Dublin, Ireland",1,Q1248337,1615,9928566,7481,1669-03-10,Denham,Sir John,,https://commons.wikimedia.org/wiki/File:Portrait_of_John_Denham_(poet)._Wellcome_L0005212.jpg,"poet, writer, poet lawyer, politician, lawyer",poet
"Thomas Denman, 1st Baron Denman","Military, Politics, and Law",Male,1779,"London, England, United Kingdom",7,Q333102,1779-07-23,11294411,7495,1854-09-26,Denman,Lord,,"https://commons.wikimedia.org/wiki/File:Thomas_Denman,_1st_Baron_Denman_by_Thomas_Barber_(c.1831-1833).jpg","judge, politician, translator",judge
John Dennis,Literature,Male,1658,"London, England, United Kingdom",4,Q326716,1658-09-16,1.01E+08,7503,1734-01-06,Dennis,John,,https://commons.wikimedia.org/wiki/File:John_Dennis_(dramatist).jpg,"writer, playwright, literary critic",writer
Charles Dibdin,Arts,Male,1745,"Southampton, Hampshire, England",5,Q1064116,1745-03-15,22406778,7585,1814-07-25,Dibdin,Charles,,https://commons.wikimedia.org/wiki/File:Charles_Dibdin_by_Thomas_Phillips.jpg,"singer-songwriter, playwright, composer, writer, stage actor, singer",singer-songwriter
Thomas John Dibdin,Literature,Male,1771,"Bloomsbury, Camden, London, England, United Kingdom",5,Q683268,1771-03-21,,7589,1841-09-16,Dibdin,Thomas,,,"writer, songwriter",writer
Charles Dickens,Literature,Male,1812,"Landport, United Kingdom",5,Q5686,1812-02-07,88666393,7599,1870-06-09,Dickens,Charles,,https://commons.wikimedia.org/wiki/File:Dickens_Gurney_head.jpg,"writer, novelist, journalist, social critic, playwright, author, children's writer, editor, prose writer, botanist",writer
John Dickinson,"Military, Politics, and Law",Male,1732,"Talbot County, Maryland, United States",4,Q878687,1732-11-08,28316376,68594,1808-02-14,Dickinson,John,,https://commons.wikimedia.org/wiki/File:JohnDickinson.jpg,"lawyer, politician, writer",lawyer
Franklin J. Dickman,"Military, Politics, and Law",Male,1828,"Petersburg, Virginia, United States",8,Q5491604,1828-08-28,,,1908-02-12,Dickman,Franklin,J,https://commons.wikimedia.org/wiki/File:Franklin_J._Dickman_002.png,"lawyer, politician, judge",lawyer
Diodorus Siculus,History and Philosophy,Male,-90,"Agira, Italy",7,Q171241,-90,56608763,,-30,Diodorus,Siculus,,https://commons.wikimedia.org/wiki/File:Diodoro_siculo_-_storico_di_Agira.jpg,"historian, geographer, mythographer",historian
Diogenes Laërtius,History and Philosophy,Male,180,"Sinop, Turkey",5,Q59138,180,41839141,,240,Diogenes,Laertius,,https://commons.wikimedia.org/wiki/File:Diogenes_Laertius.jpg,"historian, biographer, philosopher, philosophy historian",historian
Dionysius of Halicarnassus,History and Philosophy,Male,-60,"Halicarnassus, ancient Greek",3,Q26204,-60,1.00E+08,,-7,Dionysius of Halicarnassus,,,https://commons.wikimedia.org/wiki/File:Dionigi_di_Alicarnasso.jpg,"historian, writer, orator",historian
Dionysius I of Syracuse,"Military, Politics, and Law",Male,-430,"ancient Syracuse, Italy",9,Q332750,-430,89597856,,-366,Dionysius the Elder,,,https://commons.wikimedia.org/wiki/File:Dionysius_I_of_Syracuse.jpg,politician,politician
Benjamin Disraeli,"Military, Politics, and Law",Male,1804,"London, England, United Kingdom",7,Q82006,1804-12-21,49233448,7689,1881-04-19,Disraeli,Benjamin,,https://commons.wikimedia.org/wiki/File:Benjamin_Disraeli_(1804–1881)_cropped.png,"politician, novelist, writer, biographer, finance minister",politician
John Adams Dix,"Military, Politics, and Law",Male,1798,"Boscawen, New Hampshire, United States",9,Q720259,1798-07-24,69002011,,1879-04-21,Dix,John,A,https://commons.wikimedia.org/wiki/File:JADix-Sarony.jpg,"politician, military officer, lawyer, diplomat, writer",politician
Austin Dobson,Literature,Male,1840,"Plymouth, Devon, England",10,Q3595615,1840-01-18,19836932,32845,1921-09-02,Dobson,Henry,A,https://commons.wikimedia.org/wiki/File:(Henry)_Austin_Dobson_by_Frank_Brooks.jpg,"poet, writer, essayist, biographer",poet
Philip Doddridge,Literature,Male,1702,"London, England, United Kingdom",1,Q2718478,1702-06-26,39427796,7746,1751-10-26,Doddridge,Philip,,https://commons.wikimedia.org/wiki/File:Philip_Doddridge.jpg,"theologian, hymnwriter, writer, university teacher",theologian
Mary Abigail Dodge,Literature,Female,1833,"Hamilton, Massachusetts, United States",10,Q6778774,1833-03-31,25664515,,1896-08-17,Dodge,Mary,A,https://commons.wikimedia.org/wiki/File:Gail_Hamilton's_Life_and_Letters_frontispiece.jpg,"essayist, journalist, writer, opinion journalist, suffragette, feminist",essayist
Mary Mapes Dodge,Literature,Female,1831,"New York City, New York, United States",10,Q2518093,1831-01-26,2469452,,1905-08-21,Dodge,Mary,M,https://commons.wikimedia.org/wiki/File:St_Nicholas-32-2-624-1.jpg,"writer, novelist, children's writer, editor, poet",writer
Lewis Carroll,Literature,Male,1832,"Daresbury, Cheshire, England",10,Q38082,1832-01-27,66462036,7749,1898-01-14,Dodgson,Charles,L,https://commons.wikimedia.org/wiki/File:LewisCarrollSelfPhoto.jpg,"mathematician, logician, photographer, poet, deacon, children's writer, diarist, novelist, writer, autobiographer, philosopher",mathematician
Robert Dodsley,Literature,Male,1703,"Mansfield, Nottinghamshire, England",1,Q3434980,1704-02-13,47589,7755,1764-09-23,Dodsley,Robert,,"https://commons.wikimedia.org/wiki/File:Reynolds,_Sir_Joshua_-_Robert_Dodsley_-_Google_Art_Project.jpg","bookseller, writer, playwright, poet",bookseller
Charles Fletcher Dole,Society,Male,1845,"Brewer, Maine, United States",10,Q5077709,1845,31036098,,1927,Dole,Charles,F,https://commons.wikimedia.org/wiki/File:Charles_Fletcher_Dole_(1845–1927)_c._1908.png,"orator, writer",orator
Alfred Domett,"Military, Politics, and Law",Male,1811,"Camberwell, Lambeth, England",8,Q1360069,1811-05-20,7025282,7786,1887-11-02,Domett,Alfred,,https://commons.wikimedia.org/wiki/File:Alfred_Domett_c1870-1887.jpg,"politician, poet, barrister, writer",politician
John Donne,Literature,Male,1572,"London, England, United Kingdom",1,Q140412,1572,73852666,7819,1631-03-31,Donne,Dr. John,,https://commons.wikimedia.org/wiki/File:John_Donne_by_Isaac_Oliver.jpg,"poet, translator, lawyer, songwriter, politician, writer, pastor, Christian minister, jurist",poet
Julia C. R. Dorr,Literature,Female,1825,"Charleston, South Carolina, United States",10,Q13563148,1825-02-13,6330366,,1913,Dorr,Julia,C,https://commons.wikimedia.org/wiki/File:Julia_Dorr.jpg,"writer, novelist, poet",writer
Sarah Doudney,Literature,Female,1841,"Portsea, Portsmouth, Hampshire, England, United Kingdom",10,Q4945138,1841-01-15,28688419,55573,1926-12-08,Doudney,Sarah,,https://commons.wikimedia.org/wiki/File:Sarah_Doudney_signed.jpg,"writer, novelist, short story writer, hymnwriter",writer
Bartholomew Dowling,Literature,Male,1823,"Listowel, County Kerry, Ireland",8,Q4865243,1823,,,1863-11-20,Dowling,Bartholomew,,,poet,poet
Joseph Rodman Drake,Literature,Male,1795,"New York City, New York, United States",1,Q1502217,1795-08-07,2.36E+08,,1820-09-21,Drake,Joseph,Rodman,https://commons.wikimedia.org/wiki/File:JosephRodmanDrake.jpg,"poet, writer",poet
Michael Drayton,Literature,Male,1563,"Hartshill, United Kingdom",5,Q138540,1563,19758771,8042,1631-12-23,Drayton,Michael,,https://commons.wikimedia.org/wiki/File:Portrait_of_Michael_Drayton_by_Sylvester_Harding.jpg,"poet, writer",poet
William Drennan,Other Sciences,Male,1754,"Belfast, Ireland",7,Q8007996,1754-05-23,1.07E+08,8046,1820-02-05,Drennan,William,,,"physician, poet",physician
Thomas Drummond,Industry and Finance,Male,1797,"Edinburgh, Scotland, United Kingdom",9,Q969910,1797-10-10,18005136,8084,1840-04-15,Drummond,Thomas,,https://commons.wikimedia.org/wiki/File:Thomas_Drummond.jpg,"civil engineer, politician, inventor",civil engineer
William Drummond of Hawthornden,Literature,Male,1585,"Midlothian, Scotland",9,Q544953,1585-12-13,6176613,8085,1649-12-04,Drummond,William,,"https://commons.wikimedia.org/wiki/File:Anonymous_-_William_Drummond_of_Hawthornden,_1585_-_1649._Poet_-_PG_1096_-_National_Galleries_of_Scotland.jpg","poet, writer, historian",poet
John Dryden,Literature,Male,1631,"Aldwincle, Northamptonshire, United Kingdom",1,Q213355,1631-08-09,68937979,8108,1700-05-01,Dryden,John,,"https://commons.wikimedia.org/wiki/File:John_Dryden_(Richardson,_c._1730s).jpg","playwright, translator, poet, literary critic, hymnwriter, writer",playwright
Guillaume de Salluste Du Bartas,Literature,Male,1544,"Monfort, Gers, France",9,Q2087052,1544,73852818,,1590-08-28,Du Bartas,,,https://commons.wikimedia.org/wiki/File:Sallusti_deu_Bartàs.jpg,"poet, diplomat, military personnel, writer",poet
Jean-Andoche Junot,"Military, Politics, and Law",Male,1771,"Bussy-le-Grand, Côte-d'Or, France",9,Q353907,1771-09-24,1.00E+08,,1813-07-29,Duc D’Abrantes,,,"https://commons.wikimedia.org/wiki/File:Junot,_par_Appiani.png","military officer, military personnel",military officer
François de La Rochefoucauld,Literature,Male,1613,"Paris, France",1,Q273708,1613-09-15,46763296,,1680-03-17,Duc de Rochefoucauld,Francois,,https://commons.wikimedia.org/wiki/File:François_de_La_Rochefoucauld.jpg,"memoirist, writer, military personnel",memoirist
"Helen Blackwood, Baroness Dufferin and Claneboye",Literature,Female,1807,"England, United Kingdom",7,Q5701894,1807-01-18,1.01E+08,25366,1867-06-13,Dufferin,Lady,,https://commons.wikimedia.org/wiki/File:Helen_Blackwood00.jpg,"composer, poet, writer",composer
"Arthur Wellesley, 1st Duke of Wellington","Military, Politics, and Law",Male,1769,"Dublin, Ireland",7,Q131691,1769-05-01,2465308,29001,1852-09-14,Duke of Wellington,,,"https://commons.wikimedia.org/wiki/File:Sir_Thomas_Lawrence_-_Arthur_Wellesley,_1st_Duke_of_Wellington_-_WM.1567-1948_-_Apsley_House.jpg","politician, diplomat, military officer",politician
Alexandre Dumas,Literature,Male,1802,"Villers-Cotterêts, Aisne, France",9,Q38337,1802-07-24,51688902,,1870-12-05,Dumas,Alexandre,,https://commons.wikimedia.org/wiki/File:Alexander_Dumas_père_par_Nadar_-_Google_Art_Project.jpg,"novelist, playwright, writer",novelist
DNE,,Male,1711,,8,,,,,1730,Duncombe,Lewis,,,,
John Sullivan Dwight,Literature,Male,1813,"Boston, Massachusetts, United States",10,Q6259634,1813-05-13,,,1893-09-05,Dwight,John,S,https://commons.wikimedia.org/wiki/File:John_S._Dwight_Boston.jpg,"writer, music critic, journalist, translator",writer
Timothy Dwight IV,History and Philosophy,Male,1752,"Northampton, Northamptonshire, England, United Kingdom",7,Q325553,1752-05-14,22371861,,1817-01-11,Dwight,Timothy,,https://commons.wikimedia.org/wiki/File:Timothy_Dwight_IV.jpg,"poet, politician, theologian, Christian minister, writer",poet
John Dyer,Literature,Male,1699,"Llanfynydd, Wales",1,Q3397435,1699,,8350,1757-12-15,Dyer,John,,https://commons.wikimedia.org/wiki/File:John_Dyer_Dalziel.jpg,"poet, writer, painter",poet
Edward Dyer,Literature,Male,1543,"Glastonbury, Somerset, England",7,Q5342682,1543,18580778,8346,1607,Dyer,Sir Edward,,,"poet, politician, writer",poet
"Philip Stanhope, 4th Earl of Chesterfield","Military, Politics, and Law",Male,1694,"London, England, United Kingdom",5,Q332487,1694-09-22,73862914,26255,1773-03-24,Earl of Chesterfield,,,"https://commons.wikimedia.org/wiki/File:Philip_Dormer_Stanhope,_4th_Earl_of_Chesterfield_by_William_Hoare.jpg","diplomat, politician, writer",diplomat
"John Wilmot, 2nd Earl of Rochester",Literature,Male,1647,"Ditchley, Oxfordshire",1,Q358912,1647-04-01,34465786,29623,1680-07-26,Earl of Rochester,,,https://commons.wikimedia.org/wiki/File:John_Wilmot.jpg,"poet, writer, playwright",poet
"Wentworth Dillon, 4th Earl of Roscommon",Literature,Male,1637,"Dublin, Ireland",1,Q2522174,1637,28000168,7667,1685-01-18,Earl of Roscommon,,,https://commons.wikimedia.org/wiki/File:4thEarlOfRoscommon.jpg,"poet, writer",poet
"Anthony Ashley Cooper, 1st Earl of Shaftesbury","Military, Politics, and Law",Male,1621,"Dorset, England, United Kingdom",5,Q336002,1621-07-22,25404031,6208,1683-01-21,Earl of Shaftesbury,,,"https://commons.wikimedia.org/wiki/File:Anthony_Ashley-Cooper,_1st_Earl_of_Shaftesbury.jpg","politician, judge, writer",politician
Dorman Bridgman Eaton,"Military, Politics, and Law",Male,1823,"Hardwick, Vermont, United States",10,Q23022242,1823-06-27,16241426,,1899-12-23,Eaton,Dorman,B,https://commons.wikimedia.org/wiki/File:Dorman_B._Eaton.jpg,lawyer,lawyer
Richard Edwardes,Literature,Male,1525,"Yeovil, England, United Kingdom",8,Q712542,1525-03-25,12495034,8552,1566-10-31,Edwards,Richard,,,"composer, playwright, poet",composer
Thomas Edwards,Literature,Male,1699,"Lambeth, London, England",9,Q7789288,1699,20110442,8558,1757,Edwards,Thomas,,,"poet, literary critic",poet
John Edwin,Arts,Male,1749,"London, England, United Kingdom",9,Q6231418,1749-08-10,55533963,8570,1790-10-31,Edwin,John,,,stage actor,stage actor
George Eliot,Literature,Female,1819,"Nuneaton, Warwickshire, England",10,Q131333,1819-11-22,89000553,6794,1880-12-22,Eliot,George,,"https://commons.wikimedia.org/wiki/File:George_Eliot,_por_François_D'Albert_Durade.jpg","novelist, translator, philosopher, writer, poet, journalist, essayist, editor",novelist
Jared Eliot,Religion,Male,1685,"Guilford, Connecticut, United States",9,Q6159950,1685,17655530,68547,1763,Elliot,Jared,,https://commons.wikimedia.org/wiki/File:Jared_Eliot_(page_71_crop).jpg,Christian minister,Christian minister
Jean Elliot,Literature,Female,1727,"Scotland, United Kingdom",9,Q4946507,1727,,8665,1805-03-29,Elliott,Jane,,,"poet, writer",poet
Henry Ellis,Literature,Male,1777,"London, England, United Kingdom",9,Q768291,1777-11-29,27181148,8696,1869-01-15,Ellis,Henry,,https://commons.wikimedia.org/wiki/File:Henry_Ellis.jpg,librarian,librarian
George Ellis,"Military, Politics, and Law",Male,1753,"United Kingdom,",8,Q5538967,1753-12-19,27099724,8692,1815-04-10,Ellis,Georgs,,,"literary historian, politician, poet, plantation owner, writer",literary historian
Ralph Waldo Emerson,Literature,Male,1803,"Boston, Massachusetts, United States",2,Q48226,1803-05-25,27079964,,1882-04-27,Emerson,Ralph,Waldo,https://commons.wikimedia.org/wiki/File:Ralph_Waldo_Emerson_ca1857_retouched.jpg,"philosopher, poet, writer, essayist, diarist, biographer, Unitarian pastor, Christian minister, orator, abolitionist",philosopher
Robert Emmet,"Military, Politics, and Law",Male,1778,"Dublin, Ireland",4,Q558750,1780-03-04,57548500,8796,1803-09-20,Emmet,Robert,,https://commons.wikimedia.org/wiki/File:Robert_Emmet--The_Irish_Patriot.jpg,politician,politician
Thomas Dunn English,"Military, Politics, and Law",Male,1819,"Philadelphia, Pennsylvania, United States",8,Q543060,1819-06-29,50560346,,1902-04-01,English,Thomas,Dunn,https://commons.wikimedia.org/wiki/File:TDEnglish.jpg,"politician, playwright, writer, lawyer, journalist",politician
Epictetus,History and Philosophy,Male,1950,"Hierapolis, ancient Phrygia (now PamUnited Kingdomkale, Turkey)",9,Q183144,50,1.00E+08,,138,Epictetus,,,"https://commons.wikimedia.org/wiki/File:Epictetus_from_L._Annaei_Senecae_philosophi_Opera,_1605,_title_page_detail.png","philosopher, writer",philosopher
Erasmus,Religion,Male,1466,"Rotterdam, Netherlands",4,Q43499,1466-10-28,87673996,39358,1536-07-12,Erasmus,,,https://commons.wikimedia.org/wiki/File:Holbein-erasmus.jpg,"translator, philosopher, theologian, essayist, Bible translator, writer, Lady Margaret's Professor of Divinity, latinist, Latin Catholic priest, university teacher",translator
Henri Estienne,Literature,Male,1528,"Paris, France",7,Q664748,1531,79024744,,1598,Estienne,Henri,,https://commons.wikimedia.org/wiki/File:Hotel_de_ville_paris033.jpg,"lexicographer, printer, translator, classical philologist",lexicographer
Euripides,Literature,Male,-480,"Salamis Island, Greece",3,Q48305,-480,2.65E+08,,-40,Euripides,,,https://commons.wikimedia.org/wiki/File:Euripides_Pio-Clementino_Inv302.jpg,"tragedy writer, playwright, writer, poet, philosopher",tragedy writer
David Everett,Literature,Male,1769,"Princeton, Massachusetts, United States",1,Q5233475,1769,1348434,,1813-12-21,Everett,David,,,"editor, journalist, writer",editor
Edward Everett,"Military, Politics, and Law",Male,1794,"Boston, Massachusetts, United States",8,Q434905,1794-04-11,74647197,,1865-01-15,Everett,Edward,,"https://commons.wikimedia.org/wiki/File:Edward_Everett,_1794-1865,_three-quarter_length_portrait,_standing,_facing_left.jpg","politician, diplomat, university teacher, writer",politician
Frederick William Faber,Religion,Male,1814,"Calverley, West Yorkshire, United Kingdom",9,Q1286149,1814-06-28,61641597,9050,1863-11-26,Faber,Frederick,W,https://commons.wikimedia.org/wiki/File:Frederick_William_Faber.jpg,"theologian, poet, hagiographer, hymnwriter, Catholic priest, writer",theologian
Catherine Maria Fanshawe,Literature,Female,1765,"United Kingdom,",8,Q5052806,1765-07-06,33546475,9147,1834-04-17,Fanshawe,Catherine,M,,"poet, etcher, writer",poet
George Farquhar,Arts,Male,1677,"Derry, Northern Ireland",4,Q517634,1677,61545511,9178,1707-04-29,Farquhar,George,,https://commons.wikimedia.org/wiki/File:George_Farquhar.jpg,"playwright, writer, actor, stage actor",playwright
François Fénelon,Religion,Male,1651,"Sainte-Mondane, Dordogne, France",7,Q310002,1651-08-06,61539997,,1715-01-07,Fénelon,,,https://commons.wikimedia.org/wiki/File:François_de_Salignac_de_la_Mothe-Fénelon.PNG,"philosopher, theologian, writer, poet, Catholic priest, Catholic bishop",philosopher
John Ferriar,Other Sciences,Male,1761,"Jedburgh, Roxburghshire, Scotland, United Kingdom",5,Q6233035,1761,72173157,9368,1815-02-04,Ferriar,John,,https://commons.wikimedia.org/wiki/File:John_Ferriar.jpg,"physician, poet, literary critic, pathologist",physician
Nathan Field,Arts,Male,1587,"London, England, United Kingdom",9,Q935523,1587-10-17,8181579,9391,1620,Field,Nathaniel,,https://commons.wikimedia.org/wiki/File:Nathan_Field.JPG,"playwright, actor",playwright
Henry Fielding,Literature,Male,1707,"Sharpham, United Kingdom",5,Q34190,1707-04-22,61545697,9400,1754-10-08,Fielding,Henry,,https://commons.wikimedia.org/wiki/File:Henry_Fielding_MET_DP825191.jpg,"writer, journalist, jurist, judge, novelist, playwright, poet lawyer, magistrate, justice of the peace",writer
James Thomas Fields,Literature,Male,1817,"Portsmouth, New Hampshire, United States",10,Q4483821,1817-12-31,1254825,,1881-04-24,Fields,James,T,https://commons.wikimedia.org/wiki/File:JamesTFields.jpg,"publisher, journalist, poet, writer",publisher
Francis Miles Finch,"Military, Politics, and Law",Male,1827,"Ithaca, New York, United States",9,Q5481928,1827-06-09,67902458,,1907-07-31,Finch,Francis,M,https://commons.wikimedia.org/wiki/File:Francis_Miles_Finch.jpg,"lawyer, judge, poet, writer",lawyer
Ferdowsi,Literature,Male,940,"Tus, ancient city in Iran",8,Q43459,940,1.01E+08,,1020,Firdousi,,,https://commons.wikimedia.org/wiki/File:Ferdowsi_Square_(Tehran).jpg,"poet, writer",poet
Edward FitzGerald,Literature,Male,1809,"Woodbridge, Suffolk, England, United Kingdom",10,Q532457,1809-03-31,59091022,9548,1883-06-14,FitzGerald,Edward,,https://commons.wikimedia.org/wiki/File:Edward_FitzGerald.jpg,"translator, poet, writer, artist, drawer, lawyer",translator
John Fletcher,Literature,Male,1579,"Rye, East Sussex, England",4,Q312444,1579-11-30,12323361,9730,1625-08-01,Fletcher,John,,https://commons.wikimedia.org/wiki/File:John_Fletcher_(1).JPG,"playwright, poet, writer",playwright
Phineas Fletcher,Literature,Male,1582,"Kent, England, United Kingdom",7,Q2745639,1582-04-08,34576203,9738,1650-12-13,Fletcher,Phineas,,,poet,poet
Andrew Fletcher,"Military, Politics, and Law",Male,1655,"East Saltoun and West Saltoun, East Lothian, Scotland, United Kingdom",1,Q2846602,1655,74007847,9720,1716,Fletcher,Andrew,,https://commons.wikimedia.org/wiki/File:AndrewFletcher.jpg,politician,politician
Samuel Foote,Arts,Male,1720,"Truro, Cornwall, England, United Kingdom",5,Q766758,1720-01-27,29561715,9808,1777-10-21,Foote,Samuel,,https://commons.wikimedia.org/wiki/File:Samuel_Foote_by_Jean_François_Colson.jpg,"playwright, impresario, stage actor, writer, actor, theatre manager",playwright
John Ford,Literature,Male,1586,"Devon, England, United Kingdom",9,Q503798,1586-04-17,44323561,9861,1639,Ford,John,,,"playwright, poet, writer, actor, stage actor",playwright
James Fordyce,Literature,Male,1720,"Aberdeen, Scotland, United Kingdom",8,Q540506,1720,957491,9879,1796-10-01,Fordyce,James,,https://commons.wikimedia.org/wiki/File:James_Fordyce.jpg,"poet, theologian, preacher",poet
John Fortescue,"Military, Politics, and Law",Male,1394,"Devon, England, United Kingdom",7,Q568395,1394,2.88E+08,9944,1476,Fortescue,Sir John,,"https://commons.wikimedia.org/wiki/File:Portrait_of_Sir_John_Fortescue_by_William_Faithorne,_from_Fortescutus_Illustratus_(1663)_by_Edward_Waterhouse.jpg","judge, writer, lawyer, politician",judge
Sam Walter Foss,Literature,Male,1858,"Candia, Rockingham County, New Hampshire, United States",10,Q5938568,1858-06-19,75276121,,1911-02-26,Foss,Sam,W,https://commons.wikimedia.org/wiki/File:Sam_Walter_Foss.jpg,"writer, librarian, poet",writer
Stephen Foster,Arts,Male,1826,"Lawrenceville, Pittsburgh, Pennsylvania, United States",10,Q305202,1826-07-04,71577893,,1864-01-13,Foster,Stephen,C,https://commons.wikimedia.org/wiki/File:Stephen_Foster.jpg,"songwriter, composer, poet, lyricist, chansonnier, singer-songwriter, writer, musician, singer",songwriter
Joseph Fouché,"Military, Politics, and Law",Male,1759,"Le Pellerin, Loire-Atlantique, France",1,Q216958,1759-05-21,32060105,,1820-12-26,Fouché,Joseph,,https://commons.wikimedia.org/wiki/File:Fouché_Joseph_Duke_of_Otranto.jpg,"politician, diplomat, essayist, lawyer, teacher",politician
Edouard Fournier,Literature,Male,1819,"Orléans, Centre-Val de Loire, France",7,Q3579842,1819-06-15,85000,,1880-05-10,Fournier,,,https://commons.wikimedia.org/wiki/File:Édouard_Fournier_-_photo_atelier_Nadar.jpg,"historian, playwright, bibliographer, librarian, writer",historian
John Foxe,History and Philosophy,Male,1516,"Boston, Lincolnshire, England, United Kingdom",7,Q380961,1516,32005978,10050,1587-04-18,Foxe,John,,https://commons.wikimedia.org/wiki/File:John_Foxe_from_NPG_cleaned.jpg,"theologian, hagiographer, historian, philosopher, writer",theologian
Francis I of France,"Military, Politics, and Law",Male,1494,"Cognac, Charente, France",3,Q129857,1494-09-12,88805531,,1547-03-31,Francis,I,,https://commons.wikimedia.org/wiki/File:François_Ier_Louvre.jpg,politician,politician
Richard Franck,Arts,Male,1858,"Cologne, North Rhine-Westphalia, Germany",8,Q683134,1858-01-03,71464749,,1938-01-22,Franck,Richard,,,"composer, pianist",composer
Benjamin Franklin,"Military, Politics, and Law",Male,1706,"Boston, Massachusetts, United States",1,Q34969,1706-01-17,56609913,52466,1790-04-17,Franklin,Benjamin,,https://commons.wikimedia.org/wiki/File:Joseph_Siffrein_Duplessis_-_Benjamin_Franklin_-_Google_Art_Project.jpg,"politician, diplomat, writer",politician
DNE,,,,,8,,,,,,Franklin,Kate,,,,
Philip Freneau,Literature,Male,1752,"New York City, New York, United States",8,Q1353873,1752-01-02,156130,68598,1832-12-18,Freneau,Philip,,https://commons.wikimedia.org/wiki/File:Philip_freneau.jpg,"poet, writer, journalist, editor",poet
John Hookham Frere,"Military, Politics, and Law",Male,1769,"London, England, United Kingdom",7,Q6239771,1769-05-21,1141974,10174,1846-01-07,Frere,J,Hookham,"https://commons.wikimedia.org/wiki/File:John_Hookham_Frere,_by_John_Hoppner_10993444.jpg","diplomat, politician, writer",diplomat
"Richard Frothingham, Jr.",History and Philosophy,Male,1812,"Charlestown, Boston, Massachusetts, United States",7,Q7325800,1812-01-31,76694017,,1880-01-29,Frothingham,Richard,,https://commons.wikimedia.org/wiki/File:Richard_Frothingham_Jr._(1812–1880).png,"historian, journalist, editor, politician",historian
Thomas Fuller,History and Philosophy,Male,1608,"Northamptonshire, England, United Kingdom",1,Q1248758,1608,74156025,10236,1661-08-16,Fuller,Thomas,,https://commons.wikimedia.org/wiki/File:Thomas_Fuller_1841.jpg,"historian, writer",historian
Margaret Fuller,Literature,Female,1810,"Cambridge, Massachusetts, United States",10,Q257953,1810-05-23,9866789,,1850-07-19,Fuller,Margaret,W,https://commons.wikimedia.org/wiki/File:Margaret_Fuller_by_Chappel.jpg,"journalist, translator, reporter, essayist, autobiographer, writer, philosopher, women's rights activist, literary critic, abolitionist",journalist
Thomas Gage,"Military, Politics, and Law",Male,1719,"Firle, East Sussex, England",8,Q581935,1719,14760134,10275,1787-04-02,Gage,Thomas,,https://commons.wikimedia.org/wiki/File:Thomas_Gage_John_Singleton_Copley.jpeg,"military officer, official, colonial administrator, soldier",military officer
Richard Garnett,Literature,Male,1835,"Lichfield, Staffordshire, England, United Kindgom",10,Q718512,1835-02-27,56625067,33334,1906-04-13,Garnett,Richard,,https://commons.wikimedia.org/wiki/File:Richard_Garnett_Vanity_Fair_11_April_1895.jpg,"librarian, writer, poet, translator, editor",librarian
David Garrick,Arts,Male,1717,"Hereford, Herefordshire, England",1,Q222390,1717-02-19,24563,10408,1779-01-20,Garrick,David,,https://commons.wikimedia.org/wiki/File:Kauffman-Garrick.jpg,"playwright, theatrical producer, writer, screenwriter, stage actor, actor",playwright
William Lloyd Garrison,Literature,Male,1805,"Newburyport, Massachusetts",9,Q360155,1805-12-10,1.00E+08,,1879-05-24,Garrison,William,L,"https://commons.wikimedia.org/wiki/File:William_Lloyd_Garrison,_abolitionist,_journalist,_and_editor_of_The_Liberator_LCCN2017660623_(cropped).jpg","editor, social reformer, writer, journalist, abolitionist",editor
Samuel Garth,Literature,Male,1661,"Bolam, County Durham, United Kingdom",2,Q3946620,1661,29564062,10414,1719-01-18,Garth,Samuel,,https://commons.wikimedia.org/wiki/File:Samuel_Garth_by_Godfrey_Kneller_2.jpg,"physician, poet, writer",physician
John Gay,Literature,Male,1685,"Barnstaple, Devon, England",1,Q321660,1685-06-30,2480890,10473,1732-12-04,Gay,John,,"https://commons.wikimedia.org/wiki/File:Unknown_man,_formerly_known_as_John_Gay.jpg","poet, playwright, writer, librettist",poet
Edward Gibbon,History and Philosophy,Male,1737,"Putney, London, England, United Kingdom",5,Q161841,1737-05-08,24601933,10589,1794-01-16,Gibbon,Edward,,https://commons.wikimedia.org/wiki/File:Edward_Emily_Gibbon.jpg,"historian, politician, classical scholar, writer",historian
Thomas Gibbons,Literature,Male,1720,"Reach, Cambridgeshire, England, United Kingdom",7,Q7790008,1720,18605116,10600,1785,Gibbons,Thomas,,,hymnwriter,hymnwriter
Richard Gifford,Literature,Male,1725,"Shropshire, United Kingdom",3,Q2149579,1725,9695502,10666,1807,Gifford,Richard,,,writer,writer
W. S. Gilbert,Literature,Male,1836,"London, England, United Kingdom",10,Q348513,1836-11-18,22191447,33400,1911-05-29,Gilbert,William,S,https://commons.wikimedia.org/wiki/File:Elliott_&_Fry_-_photograph_W._S._Gilbert.jpg,"writer, poet, playwright, librettist, illustrator, screenwriter, theatrical director, barrister",writer
Richard Watson Gilder,Literature,Male,1844,"Bordentown, New Jersey, Unted States",10,Q7329844,1844-02-08,25913933,,1909-11-19,Gilder,Richard,W,"https://commons.wikimedia.org/wiki/File:The_poems_of_Richard_Watson_Gilder,_1908,_image_from_DJVU_pg_8a.jpg","editor, poet, writer",editor
Robert Gilfillan,Literature,Male,1798,"Dunfermline, Scotland, United Kingdom",10,Q7344770,1798-07-07,66105110,10727,1850-12-04,Gilfillan,Robert,,"https://commons.wikimedia.org/wiki/File:Robert_Gilfillan_as_shown_on_his_grave,_South_Leith_Parish_Church.jpg","poet, songwriter, writer",poet
Charlotte Perkins Gilman,Literature,Female,1860,"Hartford, Connecticut, United States",10,Q287752,1860-07-03,59083135,,1935-08-17,Gilman,Charlotte,P,https://commons.wikimedia.org/wiki/File:Charlotte_Perkins_Gilman_c._1900.jpg,"poet, novelist, philosopher, sociologist, writer, artist, economist, women's rights activist, editor, suffragist",poet
William Ewart Gladstone,"Military, Politics, and Law",Male,1809,"Liverpool, Merseyside, England, United Kingdom",10,Q160852,1809-12-29,71411983,10787,1898-05-19,Gladstone,William,E,"https://commons.wikimedia.org/wiki/File:William_Ewart_Gladstone,_1892_(cropped).jpg","politician, diplomat, statistician, writer",politician
Johann Wolfgang von Goethe,Arts,Male,1749,"Frankfurt, Germany",9,Q5879,1749-08-28,24602065,,1832-03-22,Goethe,Wolfgang von,,https://commons.wikimedia.org/wiki/File:Goethe_(Stieler_1828).jpg,"theatre manager, botanist, politician, painter, philosopher, theologian, jurist, art critic, music critic, librarian, poet, travel writer, physicist, literary, novelist, playwright, autobiographer, diplomat, statesperson, polymath, aphorist, diarist, mineralogist, zoologist, art theorist, lawyer, composer, librettist, writer, visual artist, art historian",theatre manager
Oliver Goldsmith,Literature,Male,1728,"Elphin, County Roscommon, Ireland",1,Q236236,1728-11-10,1.00E+08,10924,1774-04-04,Goldsmith,Oliver,,https://commons.wikimedia.org/wiki/File:Oliver_Goldsmith_by_Sir_Joshua_Reynolds.jpg,"physician, physician writer, poet, playwright, literary critic, novelist, writer, essayist, polygraph, dramaturge, theatrical producer",physician
Barnabe Googe,Literature,Male,1540,"Alvingham, United Kingdom",7,Q734076,1540-06-11,2597323,11004,1594-02-07,Googe,Barnaby,,,"linguist, poet, politician, translator",linguist
Adam Lindsay Gordon,Literature,Male,1833,"Faial Island, Portugal",10,Q350313,1833-10-19,37281987,11014,1870-06-24,Gordon,Adam,L,https://commons.wikimedia.org/wiki/File:Adam_Lindsay_Gordon_-_Melbourne_monument.jpg,"poet, politician, writer, jockey",poet
lyman Heath,Literature,Male,1849,"London, England, United Kingdom",10,Q742371,1849-09-21,54239311,33481,1928-05-16,Gosse,Edmund,,https://commons.wikimedia.org/wiki/File:Edmund_Gosse_by_John_Singer_Sargent.jpg,"poet, librarian, literary critic, art historian, translator, literary historian, writer",poet
Stephen Gosson,Literature,Male,1554,"Canterbury, Kent, England",7,Q541948,1554-04-01,2815249,11120,1624-02-13,Gosson,Stephen,,,"writer, poet",writer
Richard Grafton,"Military, Politics, and Law",Male,1511,"London, England, United Kingdom",1,Q7326010,1511,42776992,11186,1572,Grafton,Richard,,"https://commons.wikimedia.org/wiki/File:A_History_of_Booksellers,_the_Old_and_the_New_-_Richard_Grafton.png",politician,politician
Ulysses S Grant,"Military, Politics, and Law",Male,1822,"Point Pleasant, Ohio, United States",9,Q34836,1822-04-27,66505625,,1885-07-23,Grant,Ulysses,S,https://commons.wikimedia.org/wiki/File:Ulysses_S._Grant_1870-1880.jpg,"explorer, military officer, writer, politician, statesperson, army officer",explorer
Anne Grant,Literature,Female,1755,"Glasgow, Scotland, United Kingdom",8,Q4768392,1755-02-21,4921428,11246,1838-11-07,Grant,Anne,,https://commons.wikimedia.org/wiki/File:Anne_Grant_of_Laggan.jpg,"poet, historian, writer",poet
Richard Graves,Literature,Male,1715,"Mickleton, Gloucestershire, Gloucestershire, United Kingdom",7,Q9069114,1715-05-04,68965769,11313,1804-11-23,Graves,Richard,,https://commons.wikimedia.org/wiki/File:Richard_Graves.jpg,"writer, Christian minister, poet, novelist",writer
Thomas Gray,Literature,Male,1716,"London, England, United Kingdom",1,Q315516,1716-12-26,9889965,11356,1771-07-30,Gray,Thomas,,https://commons.wikimedia.org/wiki/File:PortraitThomasGrayByJohnGilesEccart1747to1748.jpg,"poet, literary critic, writer",poet
Horace Greeley,Literature,Male,1811,"Amherst, New Hampshire, United States",10,Q436790,1811-02-03,24772897,,1872-11-29,Greeley,Horace,,https://commons.wikimedia.org/wiki/File:Horace_Greeley_restored.jpg,"journalist, politician, publisher, editor, businessperson, writer, editing staff, abolitionist",journalist
Matthew Green,Literature,Male,1696,"United Kingdom,",1,Q6790593,1696,66820978,11396,1737,Green,Matthew,,,"poet, writer",poet
Albert Gorton Greene,"Military, Politics, and Law",Male,1802,"Providence, Rhode Island, United States",1,Q4710338,1802-02-10,3969682,,1868-01-03,Greene,Albert,G,https://commons.wikimedia.org/wiki/File:Albert_Gorton_Greene_(1802–1868).png,"lawyer, judge, poet, writer",lawyer
Margaret Greville,Society,Female,1863,"London, England, United Kingdom",3,Q6759458,1863,,51986,1942,Greville,Mrs,,https://commons.wikimedia.org/wiki/File:Margaret_Greville_photographed_on_5_October_1900.jpg,"socialite, philanthropist, art collector",socialite
Gerald Griffin,Literature,Male,1803,"Limerick, Munster, Ireland",8,Q1509898,1803-12-12,96303,11588,1840-06-12,Griffin,Gerald,,https://commons.wikimedia.org/wiki/File:Gerald_Griffin_1.jpg,"writer, journalist, poet, novelist",writer
Walter of Châtillon,Literature,Male,1135,"Lille, Nord, France",8,Q5198,1135,1.00E+08,,1201,Gualtier,Philippe,,,"writer, theologian, poet, Goliard",writer
William Habington,Literature,Male,1605,"Worcestershire, England, United Kingdom",7,Q2713698,1605-11-04,15973341,11833,1654-11-30,Habington,William,,,"writer, poet, historian",writer
George Hakewill,Religion,Male,1578,"Barnstaple, Devon, England",7,Q5540147,1578,15111485,11885,1649-04-05,Hakewill,George,,"https://commons.wikimedia.org/wiki/File:George_Hakewill_(c_1578–1649),_by_Sylvester_Harding_(1745-1809).jpg",theologian,theologian
Edward Everett Hale,Literature,Male,1822,"Boston, Massachusetts, United States",9,Q786616,1822-04-03,40173248,,1909-06-10,Hale,Edward,E,https://commons.wikimedia.org/wiki/File:Edward_E_Hale_001.jpg,"writer, theologian, science fiction writer, novelist, Christian minister",writer
Thomas Chandler Haliburton,"Military, Politics, and Law",Male,1796,"Windsor, Nova Scotia, Canada",7,Q1346720,1796-12-17,42632835,11927,1865-08-27,Haliburton,Thomas,C,https://commons.wikimedia.org/wiki/File:ThomasChandlerHaliburtonCanada40.jpg,"writer, politician, judge, historian",writer
Joseph Hall,Literature,Male,1574,"Ashby-de-la-Zouch, Leicestershire, England",5,Q4499080,1574-07-01,61678894,11976,1656-09-08,Hall,Bishop,,https://commons.wikimedia.org/wiki/File:Joseph_Hall_(1628).jpg,"priest, writer, poet",priest
Robert Hall,Religion,Male,1764,"Arnesby, near Leicester, Leicestershire, England, United Kingdom",5,Q2157459,1764-05-02,18400617,11982,1831-02-21,Hall,Robert,,https://commons.wikimedia.org/wiki/File:Robert_Hall_statue_detail.jpg,theologian,theologian
Fitz-Greene Halleck,Literature,Male,1790,"Guilford, New Haven County, Connecticut, United States",1,Q1421265,1790-07-08,59331019,,1867-11-19,Halleck,Fitz-Greene,,https://commons.wikimedia.org/wiki/File:Fitz-Greene_Halleck.jpg,"poet, writer",poet
James Halliwell-Phillipps,Literature,Male,1820,"London, England, United Kingdom",8,Q321691,1820-06-21,46804188,12020,1889-01-03,Halliwell,James,,"https://commons.wikimedia.org/wiki/File:Halliwell-Phillipps,_James_Orchard.jpg","literary historian, historian, writer, children's writer, collector of fairy tales, literary scholar, collector, editor",literary historian
Mary Abigail Dodge,Literature,Female,1833,"Hamilton, Massachusetts, United States",10,Q6778774,1833-03-31,25664515,,1896-08-17,Hamilton,Gail,,https://commons.wikimedia.org/wiki/File:Gail_Hamilton's_Life_and_Letters_frontispiece.jpg,"essayist, journalist, writer, opinion journalist, suffragette, feminist",essayist
Eugene Lee-Hamilton,Literature,Male,1845,"London, England, United Kingdom",10,Q5407431,1845-01-06,37139944,34471,1907-09-09,Hamilton,Eugene,L,https://commons.wikimedia.org/wiki/File:Eugene_Lee-Hamilton_001.jpg,"poet, translator",poet
James Henry Hammond,"Military, Politics, and Law",Male,1807,"Columbia, South Carolina, United States",9,Q731148,1807-11-15,22998638,,1864-11-13,Hammond,J,H,https://commons.wikimedia.org/wiki/File:JHHammond.jpg,"politician, lawyer, journalist, jurist, planter class",politician
Thomas Hardy,Literature,Male,1840,"Dorchester, Dorset, United Kingdom",10,Q132805,1840-06-02,54148778,33708,1928-01-11,Hardy,Thomas,,https://commons.wikimedia.org/wiki/File:Thomashardy_restored.jpg,"writer, novelist, screenwriter, poet",writer
Robert Hare,History and Philosophy,Male,1531,"Calgary, Alberta, Canada",7,Q15994480,1531,24516994,12306,1611,Hare,Robert,,,"antiquarian, politician",antiquarian
John Harington,Literature,Male,1560,"Kelston, United Kingdom",5,Q686895,1560-08-04,64819700,12326,1612-11-20,Harrington,Sir John,,https://commons.wikimedia.org/wiki/File:Sir_John_Harington_by_Hieronimo_Custodis.jpg,"inventor, poet, writer",inventor
Joel Chandler Harris,Literature,Male,1848,"Eatonton, Putnam County, Georgia, United States",10,Q554269,1848-12-09,17223898,,1908-07-03,Harris,Joel,C,https://commons.wikimedia.org/wiki/File:Joel_Chandler_Harris_-_Project_Gutenberg_eText_16622.jpg,"writer, children's writer, journalist, collector of fairy tales, folklorist",writer
William Henry Harrison,"Military, Politics, and Law",Male,1773,"Charles City County, Virginia, United States",7,Q11869,1773-02-09,18022085,,1841-04-04,Harrison,William,,"https://commons.wikimedia.org/wiki/File:William_Henry_Harrison_by_James_Reid_Lambdin,_1835.jpg","politician, diplomat, military officer, statesperson",politician
Bret Harte,Literature,Male,1836,"Albany, New York, United States",7,Q301983,1836-08-25,1.00E+08,38324,1902-05-05,Harte,Francis,Bret,https://commons.wikimedia.org/wiki/File:Bret_Harte_by_Napoleon_Sarony.jpg,"writer, poet, journalist, typesetter, playwright, prose writer",writer
William Harvey,Other Sciences,Male,1578,"Folkestone, Kent, England",5,Q93128,1578-04-01,29584187,12531,1657-06-03,Harvey,Stephen,,https://commons.wikimedia.org/wiki/File:William_Harvey_2.jpg,"biologist, physician, anatomist, physiologist",biologist
Robert Stephen Hawker,Literature,Male,1803,"Plymouth, Devon, England",8,Q2158892,1803-12-03,23063257,12656,1875-08-15,Hawker,Robert,,https://commons.wikimedia.org/wiki/File:Robert_Stephen_Hawker_1864.jpg,"Anglican priest, writer, poet",Anglican priest
John Hay,"Military, Politics, and Law",Male,1838,"Salem, Scotland, United Kingdom",10,Q117101,1838-10-08,76456718,,1905-07-01,Hay,John,,"https://commons.wikimedia.org/wiki/File:John_Hay,_bw_photo_portrait,_1897.jpg","writer, diplomat, journalist, biographer, politician, secretary, historian",writer
Rutherford B. Hayes,"Military, Politics, and Law",Male,1822,"Delaware, United States",9,Q35686,1822-10-04,64803399,,1893-01-17,Hayes,Rutherford,B,https://commons.wikimedia.org/wiki/File:President_Rutherford_Hayes_1870_-_1880_Restored.jpg,"lawyer, politician, military officer, statesperson",lawyer
Edward C. Hayes,Society,Male,1868,"Lewiston, Androscoggin County, Maine, United States",7,Q1291869,1868-02-10,32360252,,1928,Hayes,Edward,S,,"sociologist, university teacher",sociologist
Paul Hamilton Hayne,Literature,Male,1830,"Charleston, South Carolina, United States",10,Q2059974,1830,3277443,,1886-07-06,Hayne,Paul,H,https://commons.wikimedia.org/wiki/File:Paul_Mailton_Hayne_-_Dichter.jpg,"writer, journalist, poet, editor, literary critic",writer
Lyman Heath,Arts,Male,1804,"New Hampshire, United States",9,Q6708037,1804-08-24,11922361,,1870-07-30,Heath,Leonard,,,singer,singer
Reginald Heber,Religion,Male,1783,"Hodnet Hall, Hodnet, Shropshire, England, United Kingdom",1,Q3271284,1783-04-21,353958,12853,1826-04-03,Heber,Reginald,,https://commons.wikimedia.org/wiki/File:Reginald_Heber.jpg,"Anglican priest, hymnwriter, poet, writer",Anglican priest
Robert Hegge,Literature,Male,1599,United Kingdom,7,Q7345375,1599,66809712,12865,1629,Hegge,Robert,,,writer,writer
Felicia Hemans,Literature,Female,1793,"Liverpool, Merseyside, England, United Kingdom",7,Q272537,1793-09-25,17397168,12888,1835-05-16,Hemans,Felicia,D,https://commons.wikimedia.org/wiki/File:Felicia_Hemans_2.jpg,"poet, writer",poet
William Ernest Henley,Literature,Male,1849,"Gloucester, Gloucestershire, United Kingdom",10,Q552617,1849-08-23,9863730,33817,1903-07-11,Henley,William,E,https://commons.wikimedia.org/wiki/File:William_Ernest_Henley_young.jpg,"writer, poet, journalist, editor, literary critic",writer
Patrick Henry,"Military, Politics, and Law",Male,1736,"Hanover County, Virginia, United States",3,Q311885,1736-05-29,73875491,61289,1799-06-06,Henry,Patrick,,https://commons.wikimedia.org/wiki/File:Patrick_henry.JPG,"politician, lawyer, writer",politician
Matthew Henry,Religion,Male,1662,"Flintshire, Wales",5,Q663216,1662-10-18,66666524,12975,1714-06-22,Henry,Matthew,,https://commons.wikimedia.org/wiki/File:MatthewHenry.jpg,"theologian, writer, Christian minister",theologian
Joseph Henshaw,Religion,Male,1608,"Ancoats, Manchester, Lancashire, England, United Kingdom",9,Q6283952,1608,,12987,1679,Henshaw,Joseph,,,priest,priest
George Herbert,Religion,Male,1593,"Montgomery, Powys, Wales, United Kingdom",1,Q317887,1593-04-03,71487054,13025,1633-03-01,Herbert,George,,https://commons.wikimedia.org/wiki/File:George_Herbert.jpg,"priest, poet, writer, politician",priest
Herodotos,History and Philosophy,Male,-484,"Halicarnassus, ancient Greek",7,Q26825,-484,1.00E+08,,-425,Herodotus,,,https://commons.wikimedia.org/wiki/File:Herodotus_Massimo_Inv124478.jpg,"historian, politician, writer, geographer",historian
Robert Herrick,Literature,Male,1591,"London, England, United Kingdom",1,Q553554,1591-08-24,2486214,13092,1674-10-01,Herrick,Robert,,https://commons.wikimedia.org/wiki/File:Robert_Herrick_1591-1674.jpg,"poet, writer",poet
Thomas Kibble Hervey,Literature,Male,1799,"Paisley, Renfrewshire, Scotland",1,Q7791515,1799-02-04,25028752,13120,1859-02-27,Hervey,Thomas,K,,poet,poet
Hesiod,Literature,Male,-801,"Cyme, ancient Greek city",3,Q44233,-801,1.22E+08,,-701,Hesiod,,,https://commons.wikimedia.org/wiki/File:Pseudo-Seneca_BM_GR1962.8-24.1.jpg,"poet, writer, rhapsode, mythographer",poet
Abram Stevens Hewitt,"Military, Politics, and Law",Male,1822,"Haverstraw, New York, United States",10,Q2738550,1822-07-31,2839227,,1903-01-18,Hewitt,Abram,S,https://commons.wikimedia.org/wiki/File:Abram_Stevens_Hewitt_1822-1903.jpg,"politician, lawyer",politician
Thomas Heywood,Literature,Male,1574,"Lincolnshire, England, United Kingdom",5,Q2073027,1574,76355576,13190,1641-08-16,Heywood,Thomas,,https://commons.wikimedia.org/wiki/File:Ifyouknownot.gif,"playwright, writer, stage actor, actor",playwright
John Heywood,Literature,Male,1497,"London, England, United Kingdom",5,Q977389,1497,41859470,13183,1580,Heywood,John,,https://commons.wikimedia.org/wiki/File:Heywood_portrait_1556.jpg,"poet, playwright, aphorist, writer, politician",poet
Aaron Hill,Literature,Male,1685,"London, England, United Kingdom",1,Q1647198,1685-02-10,4939726,13264,1750-02-08,Hill,Aaron,,,"poet, playwright, essayist, writer",poet
Rowland Hill,Society,Male,1795,"Kidderminster, Worcestershire, England, United Kingdom",9,Q370241,1795-12-03,32793081,13299,1879-08-27,Hill,Rowland,,https://commons.wikimedia.org/wiki/File:Rowland_Hill_photo_crop.jpg,"teacher, politician, inventor",teacher
Katharine Tynan,Literature,Female,1859,"Dublin, Ireland",10,Q6376239,1859-01-23,35249976,33887,1931-04-02,Hinkson,Katharine,T,https://commons.wikimedia.org/wiki/File:Tynan1.jpg,"poet, novelist, writer",poet
Hippocrates,Other Sciences,Male,-460,"Kos, Greece",7,Q5264,-460,2.88E+08,,-370,Hippocrates,,,https://commons.wikimedia.org/wiki/File:Hippocrates_rubens.jpg,"physician, philosopher",physician
Thomas Hobbes,History and Philosophy,Male,1588,"Westport, Wiltshire, England, United Kingdom",1,Q37621,1588-04-05,59083895,13400,1679-12-04,Hobbes,Thomas,,https://commons.wikimedia.org/wiki/File:Thomas_Hobbes_(portrait).jpg,"political scientist, mathematician, philosopher, economist, politician, historian, translator, writer, in-home tutor, philosopher of law",political scientist
Charles Fenno Hoffman,Literature,Male,1806,"New York City, New York, United States",8,Q352023,1806-02-07,72557865,,1884-06-07,Hoffman,Charles,F,https://commons.wikimedia.org/wiki/File:Charles_Fenno_Hoffman_(1806_-_1884).jpg,"poet, novelist, writer, lawyer, songwriter, journalist",poet
Thomas Holcroft,Literature,Male,1745,"London, England, United Kingdom",8,Q1114941,1745-12-10,56644486,13487,1809-03-23,Holcroft,Thomas,,https://commons.wikimedia.org/wiki/File:Thomas_Holcroft_by_John_Opie_(2).jpg,"playwright, writer, novelist",playwright
Richard Holland,Religion,Male,1420,"Scotland, United Kingdom",7,Q7326502,1420,17579933,13537,1480,Holland,Sir Richard,,,"cleric, poet",cleric
Josiah Gilbert Holland,Literature,Male,1819,"Belchertown, Massachusetts, United States",10,Q283094,1819-07-24,8255348,,1881-10-12,Holland,Josiah,G,https://commons.wikimedia.org/wiki/File:Josiah_Gilbert_Holland_1816-1881.png,"poet, novelist, writer, journalist",poet
Oliver Wendell Holmes,Other Sciences,Male,1809,"Cambridge, Massachusetts, United States",1,Q319829,1809-08-29,7405944,,1894-10-07,Holmes,Oliver,Wendell,https://commons.wikimedia.org/wiki/File:Holmes_photo_1910.jpg,"physician, poet, physician writer, university teacher, novelist, medical writer, writer",physician
John Holt,"Military, Politics, and Law",Male,1642,"Abingdon-on-Thames, Vale of White Horse, England, United Kingdom",7,Q6239694,1642-12-23,18633061,13611,1710-03-05,Holt,Sir John,,https://commons.wikimedia.org/wiki/File:Sir_John_Holt_by_Richard_Van_Bleeck.jpg,"judge, politician",judge
John Home,Literature,Male,1722,"Leith, Scotland",1,Q11685204,1722-09-22,49234619,13646,1808-09-05,Home,John,,https://commons.wikimedia.org/wiki/File:John_Home_by_Sir_Henry_Raeburn.jpg,"playwright, historian, Christian minister, poet, writer",playwright
Thomas Hood,Literature,Male,1799,"London, England, United Kingdom",1,Q722533,1799-05-23,71512169,13681,1845-05-03,Hood,Thomas,,https://commons.wikimedia.org/wiki/File:Thomas_Hood_from_NPG.jpg,"writer, poet, humorist, engraver, editor, essayist",writer
Joseph Hooker,"Military, Politics, and Law",Male,1814,"Hampshire County, Massachusetts, United States",9,Q315597,1814-11-13,13372647,,1879-10-31,Hooker,Joseph,,https://commons.wikimedia.org/wiki/File:Major_General_Joseph_Hooker.jpg,"military officer, military personnel",military officer
Richard Hooker,Religion,Male,1554,"Heavitree, Exeter, Devon, England",3,Q443783,1554-03-01,7476431,13696,1600-11-03,Hooker,Richard,,https://commons.wikimedia.org/wiki/File:Wenceslas_Hollar_-_Richard_Hooker_(State_1).jpg,"theologian, Anglican priest, writer",theologian
Ellen Sturgis Hooper,Literature,Female,1812,"Boston, Massachusetts, United States",8,Q5365026,1812-02-17,,,1848-11-03,Hooper,Ellen,Sturgis,https://commons.wikimedia.org/wiki/File:Portrait_of_Ellen_Hooper_1890.jpg,"poet, writer",poet
Charles Hopkins,Literature,Male,1671,"Exeter, Devon, England, UK",8,Q5079124,1671,1.00E+08,13744,1701,Hopkins,Charles,,,"poet, playwright",poet
Joseph Hopkinson,"Military, Politics, and Law",Male,1770,"Philadelphia, Pennsylvania, United States",1,Q6284064,1770-11-12,30998913,,1842-01-15,Hopkinson,Joseph,,https://commons.wikimedia.org/wiki/File:Joseph_Hopkinson.jpg,"politician, lawyer, judge, songwriter, writer",politician
Horace,Literature,Male,-65,"Venosa, Italy",7,Q6197,-165-12-08,1.00E+08,,-8-11-27,Horace,,,https://commons.wikimedia.org/wiki/File:Quintus_Horatius_Flaccus.jpg,"poet, writer, philosopher",poet
Richard Henry Horne,literature,Male,1802,"Edmonton, London, England, United Kingdom",9,Q346599,1802-12-31,59892846,13791,1884-03-13,Horne,Richard,H,https://commons.wikimedia.org/wiki/File:Richard_Henry_(or_Hengist)_Horne_by_Margaret_Gillies.jpg,"poet, writer",poet
George Horne,Religion,Male,1730,"Otham, Kent",7,Q5540735,1730-11-01,71474094,13789,1792-01-17,Horne,Bishop,,https://commons.wikimedia.org/wiki/File:George_Horne.jpg,"writer, priest, academic administrator",writer
Alfred Edward Housman,Literature,Male,1859,"Worcestershire, England, United Kingdom",10,Q351410,1859-03-26,49249069,34013,1936-04-30,Housman,Alfred,E,https://commons.wikimedia.org/wiki/File:Alfred_Edward_Housman_1894.jpg,"poet, classical philologist, writer, university teacher, classical scholar",poet
Richard Hovey,Literature,Male,1864,"Normal, Mclean County, Illinois, United States",10,Q1548482,1864-05-04,32792713,,1900-02-25,Hovey,Richard,,https://commons.wikimedia.org/wiki/File:Richard_Hovey.jpg,"poet, playwright, translator, writer",poet
Samuel Howard,Arts,Male,1710,United Kingdom,5,Q18672293,1710-01-17,36781950,13937,1782-01-17,Howard,Samuel,,,"singer, organist, composer",singer
Ellen Clementine Howarth,Literature,Female,1827,"Cooperstown, Otsego County, New York, United States",10,Q5364788,1827-05-17,61280408,,1899-12-23,Howarth,Ellen,C,,"poet, writer",poet
Julia Ward Howe,Literature,Female,1819,"New York City, New York, United States",10,Q241299,1819-05-27,76485657,,1910-10-17,Howe,Julia,W,https://commons.wikimedia.org/wiki/File:Julia_Ward_Howe_2.png,"poet, writer, peace activist, songwriter, lyricist, suffragist",poet
James Howell,History and Philosophy,Male,1594,"Llangammarch, Wales",8,Q6136324,1594,89110933,13974,1666,Howell,James,,https://commons.wikimedia.org/wiki/File:James_Howell.jpg,"politician, historian, writer",politician
William Dean Howells,Literature,Male,1837,"Belmont County, Ohio, United States",10,Q526709,1837-03-01,95191935,,1920-05-11,Howells,William,d,https://commons.wikimedia.org/wiki/File:William_Dean_Howells_(ca1870).jpg,"journalist, novelist, essayist, playwright, literary critic, biographer, science fiction writer, children's writer, writer",journalist
Mary Howitt,Literature,Female,1799,"Coleford, Gloucestershire, England",8,Q521991,1799-03-12,42648131,13995,1888-01-30,Howitt,Mary,,https://commons.wikimedia.org/wiki/File:HowittM0122a.jpg,"linguist, poet, writer, translator, editor",linguist
Edmond Hoyle,Literature,Male,1672,"England, United Kingdom",5,Q1285643,1672,27288696,14012,1769-08-29,Hoyle,Edmund,,https://commons.wikimedia.org/wiki/File:Edmond_Hoyle.jpg,writer,writer
William Henry Hudson,Other Sciences,Male,1841,"Quilmes, Argentina",7,Q1359140,1841-08-04,7391698,34038,1922-08-18,Hudson,William,H,https://commons.wikimedia.org/wiki/File:William_Henry_Hudson.png,"ornithologist, novelist, screenwriter, writer, naturalist",ornithologist
David Hume,History and Philosophy,Male,1711,"Edinburgh, Scotland, United Kingdom",5,Q37160,1711-04-26,49226972,14141,1775-08-25,Hume,David,,https://commons.wikimedia.org/wiki/File:David_Hume_Ramsay.jpg,"philosopher, economist, librarian, historian, essayist, writer",philosopher
Leigh Hunt,Literature,Male,1784,"Southgate, London, England, United Kingdom",4,Q655213,1784-10-19,54166412,14195,1859-08-28,Hunt,Leigh,,https://commons.wikimedia.org/wiki/File:James_Henry_Leigh_Hunt_by_Samuel_Laurence.jpg,"journalist, poet, autobiographer, literary critic, translator, writer",journalist
George William Hunt,Arts,Male,1837,"Finsbury, London, England",10,Q18910783,1825,,34056,1904,Hunt,G,W,,songwriter,songwriter
Richard Hurd,Religion,Male,1720,"Staffordshire, England, United Kingdom",3,Q7326616,1720-01-13,12417397,14249,1808-05-28,Hurd,Richard,,"https://commons.wikimedia.org/wiki/File:Richard-Hurd,-Bishop-of-Worcester.jpg",priest,priest
James Hurdis,Literature,Male,1763,"Bishopstone, East Sussex, England, United Kingdom",5,Q6136439,1763,25978996,14251,1801,Hurdis,James,,https://commons.wikimedia.org/wiki/File:James_Hurdis_1763-1801_frontispiece_from_The_Village_Curate.jpg,poet,poet
Francis Hutcheson,History and Philosophy,Male,1694,"Drumalig, Ireland",8,Q316367,1694-08-08,51735420,14273,1746-08-08,Hutcheson,Francis,,https://commons.wikimedia.org/wiki/File:Francis_Hutcheson_b1694.jpg,"philosopher, economist, theologian, writer, university teacher",philosopher
Thomas Henry Huxley,Other Sciences,Male,1825,"Ealing, London, England, United Kingdom",10,Q184366,1825-05-04,66511085,14320,1895-06-29,Huxley,Thomas,H,https://commons.wikimedia.org/wiki/File:T.H.Huxley(Woodburytype).jpg,"biologist, linguist, paleontologist, translator, ichthyologist, zoologist, carcinologist, anatomist, photographer, philosopher, anthropologist, physiologist, naturalist, writer, evolutionary biologist",biologist
Henrik Ibsen,Literature,Male,1828,"Skien, Vestfold and Telemark, Norway",10,Q36661,1828-03-20,71378383,,1906-05-23,Ibsen,Henrik,,https://commons.wikimedia.org/wiki/File:Henrik_Ibsen_av_Eilif_Peterssen_1895.jpg,"playwright, poet, librettist, director, writer",playwright
John James Ingalls,"Military, Politics, and Law",Male,1833,"Middleton, Massachusetts, United States",10,Q433158,1833-12-29,62993523,,1900-08-16,Ingalls,John,J,https://commons.wikimedia.org/wiki/File:John_James_Ingalls_-_Brady-Handy.jpg,"politician, lawyer",politician
Jean Ingelow,Literature,Female,1820,"Boston, Lincolnshire, England, United Kingdom",10,Q467915,1820-03-17,28265826,14386,1897-07-20,Ingelow,Jean,,"https://commons.wikimedia.org/wiki/File:Jean_Ingelow_by_Elliott_&_Fry,_London.jpg","poet, writer, novelist",poet
Robert Green Ingersoll,"Military, Politics, and Law",Male,1833,"Dresden, Yates County, New York, United States",10,Q469882,1833-08-11,11763107,,1899-07-21,Ingersoll,Robert,G,https://commons.wikimedia.org/wiki/File:Robert_G._Ingersoll_-_Brady-Handy.jpg,"lawyer, politician, writer, essayist, orator, lecturer, philosopher",lawyer
John Kells Ingram,Industry and Finance,Male,1823,"County Donegal, Ireland",5,Q972178,1823-07-07,51784377,34104,1907-05-01,Ingram,John,K,,"economist, poet, historian, university teacher, mathematician, scholar",economist
Washington Irving,"Military, Politics, and Law",Male,1783,"New York City, New York, United States",1,Q181667,1783-04-03,2.96E+08,,1859-11-28,Irving,Washington,,https://commons.wikimedia.org/wiki/File:Irving-Washington-LOC.jpg,"politician, lawyer, diplomat, writer, essayist, playwright, biographer, novelist, journalist, historian",politician
Helen Hunt Jackson,Literature,Female,1830,"Amherst, Massachusetts, United States",10,Q462363,1830-10-15,32039190,,1885-08-12,Jackson,Helen,H,https://commons.wikimedia.org/wiki/File:Helen_Hunt_Jackson_NYPL.jpg,"journalist, novelist, writer, poet",journalist
Andrew Jackson,"Military, Politics, and Law",Male,1767,"Waxhaws, South Carolina, United States",5,Q11817,1767-03-15,1.00E+08,,1845-06-08,Jackson,Andrew,,https://commons.wikimedia.org/wiki/File:Andrew_jackson_head.jpg,"judge, lawyer, politician, military officer, statesperson",judge
George Payne Rainsford James,Literature,Male,1799,"London, England, United Kingdom",8,Q1508054,1799-08-09,62569842,14605,1860-06-09,James,George,P.R.,https://commons.wikimedia.org/wiki/File:George_Payne_Rainsford_James_-_Brady-Handy.jpg,"historian, diplomat, writer, novelist",historian
Paul Moon James,Literature,Male,1780,United Kingdom,8,Q7152575,1780,1557877,,1854,James,Paul,M,,poet,poet
Thomas Jefferson,"Military, Politics, and Law",Male,1743,"Shadwell, London, England, United Kingdom",5,Q11812,1743-04-02,41866059,63233,1826-07-04,Jefferson,Thomas,,"https://commons.wikimedia.org/wiki/File:Official_Presidential_portrait_of_Thomas_Jefferson_(by_Rembrandt_Peale,_1800)(cropped).jpg","teacher, cryptographer, architect, lawyer, writer, diplomat, politician, philosopher, inventor, farmer, statesperson, archaeologist, jurist, paleontologist",teacher
Charles Jefferys,Literature,Male,1807,United Kingdom,8,Q5079482,1807-01-11,13671124,,1865-06-09,Jefferys,Charles,,,"linguist, lyricist, songwriter, translator, publisher",linguist
Douglas William Jerrold,Literature,Male,1803,"London, England, United Kingdom",9,Q327049,1803-01-03,76447934,14789,1857-06-08,Jerrold,Douglas,,https://commons.wikimedia.org/wiki/File:Douglas_William_Jerrold_by_Sir_Daniel_Macnee.jpg,writer,writer
Samuel Johnson,Literature,Male,1709,"Lichfield, Staffordshire, England, United Kindgom",1,Q183266,1709-09-18,7406725,14918,1784-12-13,Johnson,Samuel,,https://commons.wikimedia.org/wiki/File:Samuel_Johnson_by_Joshua_Reynolds.jpg,"lexicographer, linguist, poet, literary historian, writer, teacher, literary critic, biographer, essayist, politician, translator, bookseller",lexicographer
Andrew Johnson,"Military, Politics, and Law",Male,1808,"Raleigh, North Carolina, United States",9,Q8612,1808-12-29,73872723,,1875-07-31,Johnson,Andrew,,https://commons.wikimedia.org/wiki/File:President_Andrew_Johnson.jpg,"politician, military officer, statesperson, tailor",politician
William Jones,Literature,Male,1746,"Westminster, London, England, United Kingdom",1,Q273969,1746-09-28,1.02E+08,15105,1794-04-27,Jones,Sir William,,https://commons.wikimedia.org/wiki/File:Sir_William_Jones.jpg,"anthropologist, linguist, judge, translator, poet, writer, botanist, politician, orientalist",anthropologist
Ben Jonson,Literature,Male,1572,"Westminster, London, England, United Kingdom",1,Q193857,1572-06-11,2.93E+08,15116,1637-08-06,Jonson,Ben,,https://commons.wikimedia.org/wiki/File:Benjamin_Jonson_by_Abraham_van_Blyenberch.jpg,"playwright, poet, writer, actor, literary critic, bretteur",playwright
Juvenal,Literature,Male,55 AD,"Aquino, Frosinone, Italy",7,Q193800,55,83985148,,,Juvenal,,,https://commons.wikimedia.org/wiki/File:Juvenalcrowned.gif,"poet, writer, historian",poet
John Keats,Literature,Male,1795,"Moorgate, London, England, United Kingdom",1,Q82083,1795-10-31,66508882,15229,1821-02-23,Keats,John,,https://commons.wikimedia.org/wiki/File:John_Keats_by_William_Hilton.jpg,"poet, judge-rapporteur, physician, writer",poet
John Keble,Literature,Male,1792,"Fairford, Gloucestershire, England",5,Q955187,1792-04-25,64093032,15231,1866-03-29,Keble,John,,https://commons.wikimedia.org/wiki/File:Portrait_of_John_Keble_(cropped).jpg,"poet, philosopher, writer, university teacher, hymnwriter, theologian, priest",poet
John Philip Kemble,Arts,Male,1757,"Prescot, Merseyside, England",5,Q1701422,1757-02-01,74763759,15322,1823-02-23,Kemble,J,P,"https://commons.wikimedia.org/wiki/File:Beechey,_Sir_William_-_John_Philip_Kemble_-_Google_Art_Project.jpg","impresario, stage actor",impresario
Frances Anne Kemble,Literature,Female,1809,"London, England, United Kingdom",5,Q433397,1809-11-27,66594114,15318,1893-01-15,Kemble,Frances,Anne,https://commons.wikimedia.org/wiki/File:Fanny_Kemble.jpg,"playwright, writer, diarist, stage actor",playwright
Thomas à Kempis,Religion,Male,1380,"Kempen, Viersen, in North Rhine-Westphalia, Germany",1,Q220976,1380,59077661,,1471-07-25,Kempis,Thomas,A,https://commons.wikimedia.org/wiki/File:Thomas_von_Kempen_JS.jpg,"theologian, writer, philosopher, Catholic priest, poet",theologian
Thomas Ken,Religion,Male,1637,"Berkhamsted, Hertfordshire, England",7,Q2361032,1637-07-01,2.92E+08,15342,1711-03-19,Ken,Thomas,,https://commons.wikimedia.org/wiki/File:Thomas_Ken.jpg,"priest, hymnwriter",priest
James Kenney,Literature,Male,1780,Kingdom of Ireland (kingdom on the island of Ireland between 1542 and 1801),8,Q995109,1780,47830009,15405,1849-07-25,Kenney,James,,"https://commons.wikimedia.org/wiki/File:Kenney,_James_(1780-1849).jpg","poet, playwright, writer",poet
James B. Kenyon,Literature,Male,1858,"New York City, New York, United States",10,,1858,,,1924,Kenyon,James,B,,,
Johannes Kepler,Other Sciences,Male,1571,"Weil der Stadt, Baden-Württemberg, Germany",5,Q8963,1571-12-27,41842150,,1630-11-15,Kepler,John,,https://commons.wikimedia.org/wiki/File:JKepler.jpg,"naturalist, astrologer, evangelical theologian, mathematician, astronomer, musicologist, physicist, cosmologist, music theorist, philosopher, writer, teacher, inventor",naturalist
Francis Scott Key,Literature,Male,1779,"Terra Rubra, Carroll County, Maryland, United States",1,Q320633,1779-08-01,824500,,1843-01-11,Key,Francis,S,https://commons.wikimedia.org/wiki/File:Francis_Scott_Key_by_Joseph_Wood_c1825.jpg,"poet, lawyer, writer, poet lawyer, lyricist",poet
Omar Khayyám,Other Sciences,Male,1048,"Nishapur, Razavi Khorasan Province, Iran",8,Q35900,1048-05-18,1.00E+08,,1131-12-04,Khayyam,Omar,,https://commons.wikimedia.org/wiki/File:Omar_Khayyam2.JPG,"mathematician, astronomer, poet, lyricist, philosopher, musician, astrologer, writer, physicist",mathematician
"Benjamin Franklin King, Jr.",Literature,Male,1857,"St. Joseph, Michigan, U.S.",10,Q4888656,1857-03-17,78714441,,1894,King,Benjamin,F,"https://commons.wikimedia.org/wiki/File:Benjamin_Franklin_King,_Jr_1.jpg","poet, humorist",poet
William King,Literature,Male,1663,"London, England, United Kingdom",2,Q3568764,1663,36927739,15604,1712,King,William,,,poet,poet
John Alexander Kinglake,"Military, Politics, and Law",Male,1802,"United Kingdom,",9,Q15990106,1802-06-25,,,1870-07-09,Kinglake,John,A,,politician,politician
Charles Kingsley,Literature,Male,1819,"Devon, England, United Kingdom",8,Q353238,1819-06-12,27081838,15617,1875-01-23,Kingsley,Charles,,https://commons.wikimedia.org/wiki/File:Charles_Kingsley._Photograph_by_Charles_Watkins._Wellcome_V0026646.jpg,"cleric, historian, writer, novelist, university teacher, children's writer, poet",cleric
Rudyard Kipling,Literature,Male,1865,"Mumbai, India",10,Q34743,1865-12-30,7524679,34334,1936-01-18,Kipling,Rudyard,,https://commons.wikimedia.org/wiki/File:Kipling_nd.jpg,"writer, poet, novelist, war correspondent, children's writer, autobiographer, screenwriter, journalist, science fiction writer",writer
Charles Knight,Literature,Male,1791,"Windsor, Berkshire, England, United Kingdom",8,Q725786,1791-03-15,22279835,15716,1873-03-09,Knight,Charles,,https://commons.wikimedia.org/wiki/File:Charles_Knight.png,"writer, editor, journalist, publisher",writer
Richard Knolles,History and Philosophy,Male,1545,"Cold Ashby, Northamptonshire, England, United Kingdom",7,Q7327123,1545,22395113,15752,1610-07-01,Knolles,Richard,,,historian,historian
J. Proctor Knott,"Military, Politics, and Law",Male,1830,"Marion County, Kentucky, United States",10,Q359532,1830-08-29,60618840,,1911-06-18,Knott,James,P,https://commons.wikimedia.org/wiki/File:J._Proctor_Knott_-_Brady-Handy.jpg,"politician, lawyer",politician
James Sheridan Knowles,Literature,Male,1784,"Cork, Munster, Ireland",10,Q353538,1784-05-12,59352010,15770,1862-11-30,Knowles,James,,https://commons.wikimedia.org/wiki/File:James_Sheridan_Knowles_by_Wilhelm_Trautschold.jpg,"writer, playwright, stage actor",writer
William Knox,Literature,Male,1789,"Scotland, United Kingdom",8,Q8014093,1789,31913321,15794,1825,Knox,William,,,"poet, writer",poet
August von Kotzebue,Literature,Male,1761,"Weimar, Thuringia, Germany",9,Q57242,1761-05-03,14771963,,1819-03-23,Kotzebue,Von,,https://commons.wikimedia.org/wiki/File:AugustvonKotzebue1818_(crop).jpg,"writer, playwright, poet, lawyer, historian, autobiographer",writer
Roger L'Estrange,Literature,Male,1616,"Hunstanton, Norfolk, England, United Kingdom",1,Q334268,1616-12-17,79065152,16514,1704-12-11,L’Estrange,Roger,,https://commons.wikimedia.org/wiki/File:Sir_Roger_L'Estrange_by_John_Michael_Wright.jpg,"linguist, journalist, publisher, writer, politician, translator",linguist
Jean de La Fontaine,Literature,Male,1621,"Château-Thierry, Aisne, France",7,Q49496,1621-07-08,31998552,,1695-04-13,La Fontaine,,,https://commons.wikimedia.org/wiki/File:Henri_Millot_-_Jean_de_La_Fontaine_-_A_II_792_-_Finnish_National_Gallery.jpg,"fabulist, poet, lawyer, children's writer, writer, playwright",fabulist
Charles Lamb,Literature,Male,1775,"London, England, United Kingdom",1,Q372984,1775-02-10,64007908,15912,1834-12-27,Lamb,Charles,,https://commons.wikimedia.org/wiki/File:Charles_Lamb_by_Henry_Hoppner_Meyer.jpg,"writer, poet, playwright, literary critic, children's writer",writer
Daniel S. Lamont,"Military, Politics, and Law",Male,1851,"McGrawville, New York, United States",10,Q723130,1851-02-09,58313152,,1905-07-23,Lamont,Daniel,,"https://commons.wikimedia.org/wiki/File:Daniel_S._Lamont,_39th_United_States_Secretary_of_War.jpg","politician, secretary",politician
Walter Savage Landor,Literature,Male,1775,"Warwick, Warwickshire, England",9,Q645138,1775-01-30,46796707,15980,1864-09-17,Landor,Walter,S,https://commons.wikimedia.org/wiki/File:Walter_Savage_Landor_by_William_Fisher-2.jpg,"poet, writer",poet
Andrew Lang,Literature,Male,1844,"Selkirk, Scotland, United Kingdom",10,Q505827,1844-03-31,7406545,34396,1912-07-20,Lang,Andrew,,https://commons.wikimedia.org/wiki/File:Andrew_Lang.jpg,"poet, historian, translator, journalist, anthropologist, literary critic, children's writer, essayist, collector of fairy tales, writer, folklorist, scholar, novelist",poet
G. W. Langford,Literature,Male,1840,"Erie, Pennsylvania, United States",8,,1840,,,1897,Langford,G,W,,,
John Langhorne,Literature,Male,1735,"Winton, Somerset, England, United Kingdom",1,Q6243995,1735-03-01,50173414,16017,1779-04-01,Langhorne,John,,,"linguist, writer, poet, translator",linguist
Sidney Lanier,Literature,Male,1842,"Macon, Bibb County, Georgia, United States",10,Q773736,1842-02-03,66584324,,1881-09-07,Lanier,Sidney,,https://commons.wikimedia.org/wiki/File:Sidney_Lanier.jpg,"poet, writer, hymnwriter, organist, flautist, prose writer",poet
Lucy Larcom,Literature,Female,1824,"Beverly, Yorkshire, England",10,Q6698403,1824-03-05,50025848,,1893-04-17,Larcom,Lucy,,https://commons.wikimedia.org/wiki/File:Lucy_Larcom_seated_with_book.jpg,"poet, writer, teacher",poet
George Parsons Lathrop,Literature,Male,1851,"Honolulu, Hawaii, United States",10,Q5543218,1851-08-25,24866902,,1898-04-19,Lathrop,George,P,https://commons.wikimedia.org/wiki/File:George_Parsons_Lathrop_002.jpg,"novelist, librettist, poet, writer",novelist
Austen Henry Layard,History and Philosophy,Male,1817,"Paris, France",5,Q275013,1817-03-05,9943394,16218,1894-07-05,Layard,Austen,H,https://commons.wikimedia.org/wiki/File:Austen_Henry_Layard.jpg,"anthropologist, diplomat, archaeologist, politician, assyriologist, writer, historian, painter, art historian",anthropologist
Richard Le Gallienne,Literature,Male,1866,"Liverpool, Merseyside, England, United Kingdom",10,Q545544,1866-01-20,27148613,34477,1947-09-15,Le Gallienne,Richard,,"https://commons.wikimedia.org/wiki/File:Richard_Le_Gallienne,_by_Alfred_Ellis.jpg","poet, journalist, translator, writer",poet
Edward Lear,Literature,Male,1812,"Highgate, London, England, United Kingdom",10,Q309759,1812-05-12,36920855,16247,1888-01-29,Lear,Edward,,https://commons.wikimedia.org/wiki/File:Edward_Lear_1866.jpg,"writer, poet, illustrator, painter, novelist, ornithologist, comedian, humorist",writer
William Edward Hartpole Lecky,History and Philosophy,Male,1838,"Dublin, Ireland",10,Q725927,1838-03-26,51708245,34461,1903-10-22,Lecky,William,E.H.,https://commons.wikimedia.org/wiki/File:William_Edward_Hartpole_Lecky.jpg,"cultural historian, politician, historian, philosopher, writer",cultural historian
Henry Lee,History and Philosophy,Male,1644,United Kingdom,2,Q18810767,1644,,66369,1713,Lee,Henry,,,philosopher,philosopher
Nathaniel Lee,Literature,Male,1653,United Kingdom,1,Q595602,1653,66475782,16301,1692-05-06,Lee,Nathaniel,,https://commons.wikimedia.org/wiki/File:Nathaniel_Lee.jpg,"writer, playwright",writer
James Matthews Legaré,Literature,Male,1823,"Charleston, South Carolina, United States",10,Q6139095,1823-11-26,75854534,,1859-03-30,Legare,James,M,"https://commons.wikimedia.org/wiki/File:J._M._Legaré_from_Knickerbocker_Gallery,_1855_-_cropped.jpg","poet, writer",poet
Robert Leighton,Religion,Male,1611,"London, England, United Kingdom",7,Q7346837,1611,64283738,16402,1684-06-25,Leighton,Archbishop,,https://commons.wikimedia.org/wiki/File:Robert_leighton.jpg,Christian minister,Christian minister
Charles Godfrey Leland,Literature,Male,1824,"Philadelphia, Pennsylvania, United States",10,Q1064562,1824-08-15,24729304,,1903-03-20,Leland,Charles,G,https://commons.wikimedia.org/wiki/File:Charles_Godfrey_Leland_with_signature.jpg,"journalist, editor, writer, translator, folklorist",journalist
Mark Lemon,Literature,Male,1809,"London, England, United Kingdom",8,Q680327,1809-11-30,32794333,16432,1870-05-23,Lemon,Mark,,https://commons.wikimedia.org/wiki/File:Mark_Lemon.jpg,"journalist, dramaturge, writer, editor, stage actor",journalist
Ernst Ludwig von Leutsch,Literature,Male,1808,"Frankfurt, Germany",7,Q74282,1808-08-16,62313685,,1887-07-28,Leutsch,Ernst,Ludwig von,https://commons.wikimedia.org/wiki/File:Ernst_von_Leutsch.jpg,"classical philologist, university teacher, classical scholar",classical philologist
"Charles-Joseph, 7th Prince of Ligne","Military, Politics, and Law",Male,1735,"Brussels, Belgium",9,Q462657,1735-05-23,76319085,,1814-12-13,Ligne,Prince de,,https://commons.wikimedia.org/wiki/File:Grassi_-_Charles-Joseph_de_Ligne_-_Wallace_Collection_.jpg,"writer, literary, politician, playwright, philosopher, military personnel, military officer, military commander, diplomat",writer
Abraham Lincoln,"Military, Politics, and Law",Male,1809,"Hodgenville, LaRue County, Kentucky, in the United States",7,Q91,1809-02-12,76349832,,1865-04-15,Lincoln,Abraham,,https://commons.wikimedia.org/wiki/File:Abraham_Lincoln_O-77_matte_collodion_print.jpg,"politician, postmaster, lawyer, statesperson, farmer, military officer, writer",politician
George Linley,Arts,Male,1798,"Leeds, West Yorkshire, England, United Kingdom",8,Q5541748,1797-12-27,25961856,16731,1865-09-10,Linley,George,,https://commons.wikimedia.org/wiki/File:GeorgeLinley.jpg,songwriter,songwriter
Jan Huyghen van Linschoten,Industry and Finance,Male,1563,"Haarlem, Netherlands",9,Q941383,1563,37029314,,1611-02-08,Linschoten,Hugh,van,https://commons.wikimedia.org/wiki/File:JanHuygenVanLinschoten.png,"writer, historian, merchant, seafarer, cartographer",writer
Titus Livius,Literature,Male,-59,"Padua, Padua, Veneto, Italy",8,Q2039,-59,99942145,,17,Livy,,,https://commons.wikimedia.org/wiki/File:Titus_Livius.png,"historian, writer, poet",historian
David Lloyd,"Military, Politics, and Law",Male,1916,"Chorlton-on-Medlock, England, United Kingdom",7,,1916,,,1922-10-19,Lloyd,David,,,,
Frederick Locker-Lampson,Literature,Male,1821,"Greenwich, south-east London, England",10,Q5498292,1821-05-29,7759885,16896,1895-05-20,Locker-Lampson,Frederick,,"https://commons.wikimedia.org/wiki/File:Frederick_Locker-Lampson,_1867.jpg","poet, writer",poet
John Gibson Lockhart,Literature,Male,1794,"Cambusnethan House, Lanarkshire, Scotland",9,Q2723567,1794-07-14,32120479,16904,1854-11-25,Lockhart,John,G,https://commons.wikimedia.org/wiki/File:John_Gibson_Lockhart.jpg,"linguist, lawyer, translator, writer, novelist, journalist, biographer",linguist
John Logan,History and Philosophy,Male,1748,"Soutra, Midlothian, Scotland, UK",3,Q15485579,1748,90717980,16942,1788,Logan,John,,,"historian, poet",historian
Friedrich von Logau,Literature,Male,1605,"Brochocin, Ząbkowice Śląskie County, Lower Silesian, Poland",7,Q314190,1605,34534947,,1655-07-24,Logau,Friedrich,von,,"poet, poet lawyer, writer",poet
Henry Wadsworth Longfellow,Literature,Male,1807,"Portland, Maine, United States",1,Q152513,1807-02-27,54150826,,1882-03-24,Longfellow,Henry,Wadsworth,https://commons.wikimedia.org/wiki/File:Henry_Wadsworth_Longfellow_-_Project_Gutenberg_eText_16786.jpg,"translator, poet, novelist, professor, writer",translator
Richard Lovelace,Literature,Male,1617,"Woolwich, London, England, United Kingdom",1,Q2016121,1617-12-09,5134611,17056,1658-04-01,Lovelace,Sir Richard,,https://commons.wikimedia.org/wiki/File:RichardLovelace.jpg,"poet, writer",poet
Maria Ann Lovell,Literature,Female,1803,"London, England, United Kingdom",7,Q18674146,1803-01-17,38269680,17061,1877-01-17,Lovell,Maria,,https://commons.wikimedia.org/wiki/File:Maria_Ann_Lovell_as_Lady_Diana.jpg,"playwright, writer",playwright
Samuel Lover,Arts,Male,1797,"Dublin, Ireland",7,Q3946632,1797-02-24,76581393,17066,1868-07-06,Lover,Samuel,,https://commons.wikimedia.org/wiki/File:Samuel_lover_portrait.JPG,"painter, composer, songwriter, writer",painter
John Lowe,Literature,Male,1750,"arrington (Cheshire), England, United Kingdom",8,Q18672003,1750-01-17,60500593,17084,1798-01-17,Lowe,John,,,poet,poet
James Russell Lowell,Literature,Male,1819,"Cambridge, Massachusetts, United States",1,Q449670,1819-02-22,29549920,,1891-08-12,Lowell,James,Russell,"https://commons.wikimedia.org/wiki/File:James_Russell_Lowell,_Brady-Handy_Photograph_Collection.jpg","poet, diplomat, essayist, writer, literary critic, journalist, pedagogue, publisher",poet
Robert Lowth,Religion,Male,1710,"Hampshire, England, United Kingdom",7,Q739953,1710-11-27,54157151,17104,1787-11-03,Lowth,Robert,,https://commons.wikimedia.org/wiki/File:RobertLowthBishop.jpg,"priest, linguist",priest
Lucretius,Literature,Male,-94,"Pompeii, Naples, Italy",7,Q47154,-94,1.06E+08,,-55,Lucretius,,,https://commons.wikimedia.org/wiki/File:Lucretius1.png,"poet, philosopher, writer",poet
Martin Luther,Religion,Male,1483,"Lutherstadt Eisleben, Saxony-Anhalt, Germany",8,Q9554,1483-11-10,14773105,,1546-02-18,Luther,Martin,,"https://commons.wikimedia.org/wiki/File:Lucas_Cranach_I_-_Martin_Luther_(1529),_St._Anna_in_Augsburg.jpg","translator, theologian, professor, friar, lawyer, Bible translator, hymnwriter, Protestant reformer, presbyter, philosopher, pastor, writer, preacher, composer, scribe",translator
John Lyly,Literature,Male,1554,"Kent, England, United Kingdom",7,Q261627,1554,49246156,17251,1606-11-27,Lylly,John,,"https://commons.wikimedia.org/wiki/File:John_Lyly's_signature_(from_a_letter_to_Sir_Robert_Cecil,_Feb._4_1602-3;_from_original_MS._in_Hatfield_Library).png","playwright, writer, novelist, politician",playwright
"George Lyttelton, 1st Baron Lyttelton","Military, Politics, and Law",Male,1709,"Hagley, Worcestershire, England, United Kingdom",1,Q336899,1709-01-17,4951927,17306,1773-08-24,Lyttelton,Lord,,"https://commons.wikimedia.org/wiki/File:George_Lyttelton,_1st_Baron_Lyttelton_from_NPG.jpg","poet, historian, politician, patron of the arts",poet
Edward Bulwer-Lytton,Literature,Male,1803,"London, England, United Kingdom",1,Q318462,1803-05-25,99871326,17314,1873-01-18,Lytton,Edward,Bulwer,"https://commons.wikimedia.org/wiki/File:Edward_George_Earle_Lytton_Bulwer_Lytton,_1st_Baron_Lytton_by_Henry_William_Pickersgill.jpg","playwright, writer, politician, novelist, poet, literary critic, science fiction writer, prose writer",playwright
"Thomas Babington Macaulay, 1st Baron Macaulay",Literature,Male,1800,"Rothley Court, Rothley, Leicestershire, United Kingdom",1,Q315989,1800-10-25,56618365,17349,1859-12-28,Macaulay,Thomas,Babington,https://commons.wikimedia.org/wiki/File:Thomas_Babington_Macaulay.jpg,"historian, politician, poet, poet lawyer, writer, abolitionist",historian
George MacDonald,Literature,Male,1824,"Huntly, Scotland",10,Q368519,1824-12-10,64008667,34701,1905-09-18,MacDonald,George,,https://commons.wikimedia.org/wiki/File:Portrait_of_George_MacDonald.jpg,"writer, Christian minister, poet, novelist, cleric, journalist, theologian, philosopher",writer
Charles Mackay,Literature,Male,1814,"Perth, Scotland",8,Q725382,1814-03-27,77450273,17555,1889-12-24,Mackay,Charles,,https://commons.wikimedia.org/wiki/File:Charles_Mackay_by_Herbert_Watkins.png,"poet, journalist, writer",poet
James Mackintosh,History and Philosophy,Male,1765,"Inverness, Scotland",2,Q333732,1765-10-24,41908427,17620,1832-05-30,Mackintosh,Sir James,,https://commons.wikimedia.org/wiki/File:Sir_James_Mackintosh_by_Sir_Thomas_Lawrence.jpg,"historian, politician, philosopher, physician, writer",historian
Charles Macklin,Arts,Male,1699,"County Donegal, Ireland",5,Q2411008,1699-09-26,3.04E+08,17622,1797-07-11,Macklin,Charles,,https://commons.wikimedia.org/wiki/File:Charles_Macklin_by_John_Opie.jpg,"actor, playwright, stage actor",actor
Norman Macleod,Literature,Male,1812,"Campbeltown, Scotland",10,Q7052555,1812-06-03,34561376,17679,1872-06-16,MacLeod,Norman,,https://commons.wikimedia.org/wiki/File:Norman_MacLeod01.jpg,"editor, writer, clergyman",editor
Samuel Madden,Literature,Male,1686,"Dublin, Ireland",9,Q3807602,1686,64353638,17754,1765,Madden,Samuel,,https://commons.wikimedia.org/wiki/File:Portrait_of_Samuel_Madden_(4673796).jpg,writer,writer
Maurice Maeterlinck,Literature,Male,1862,"Ghent, East Flanders, Belgium",10,Q49747,1862-08-29,2473791,,1949-05-06,Maeterlinck,Maurice,,https://commons.wikimedia.org/wiki/File:Picture_of_Maurice_Maeterlinck.jpg,"writer, poet, philosopher, essayist, playwright, librettist, translator",writer
"Philip Stanhope, 5th Earl Stanhope","Military, Politics, and Law",Male,1805,"Walmer, Kent, England",7,Q286118,1805-01-30,22011532,26256,1875-12-24,Mahon,Lord,,https://commons.wikimedia.org/wiki/File:Philip-Stanhope-5th-Earl-Stanhope_(cropped).png,"historian, politician, writer",historian
David Mallet,Literature,Male,1705,"London, England, United Kingdom",4,Q137534,1705,59092312,17888,1765-04-21,Mallett,David,,"https://commons.wikimedia.org/wiki/File:David_Mallet_(writer)_-_Captain_Lord_George_Graham,_in_his_Cabin_(cropped).jpg","poet, historian, playwright, spy, writer",poet
"John Manners, 7th Duke of Rutland","Military, Politics, and Law",Male,1818,"Belvoir Castle, Leicestershire, United Kingdom",7,Q2086683,1818-12-13,40137024,34855,1906-08-04,Manners,Lord,John,"https://commons.wikimedia.org/wiki/File:John_James_Robert_Manners,_7th_Duke_of_Rutland_by_Walter_William_Ouless.jpg","writer, politician, aristocrat, statesperson",writer
Marcus Aurelius,"Military, Politics, and Law",Male,121,"Rome, Italy",9,Q1430,0121-04-26,1.03E+08,,0180-03-17,Marcus,Aurelius,,https://commons.wikimedia.org/wiki/File:Marcus_Aurelius_Louvre_MR561_n02.jpg,"politician, philosopher, writer, monarch",politician
William Learned Marcy,"Military, Politics, and Law",Male,1786,"Worcester County, Massachusetts, United States",3,Q389258,1786-12-12,72877799,,1857-07-04,Marcy,William,L,https://commons.wikimedia.org/wiki/File:William_L._Marcy_-_Brady-Handy.jpg,"politician, lawyer, diplomat, judge",politician
Edwin Markham,Literature,Male,1852,"Oregon City, Oregon, United States",10,Q5346648,1852-04-23,17591149,,1940-03-07,Markham,Edwin,,https://commons.wikimedia.org/wiki/File:EdwinMarkham.png,"writer, poet, essayist, literature teacher, school superintendent, head teacher, editor, social reformer",writer
Christopher Marlowe,Literature,Male,1564,"Canterbury, Kent, England",1,Q28975,1564-02-23,32000005,18079,1593-05-30,Marlowe,Christopher,,https://commons.wikimedia.org/wiki/File:Christopher_Marlowe.jpg,"playwright, poet, translator, writer",playwright
John Marshall,"Military, Politics, and Law",Male,1755,"Germantown, Virginia, United States",8,Q310829,1755-09-24,1.00E+08,,1835-07-06,Marshall,John,,"https://commons.wikimedia.org/wiki/File:John_Marshall_by_Henry_Inman,_1832.jpg","politician, judge, lawyer, diplomat, jurist, writer",politician
Martial,Literature,Male,40,"Augusta Bilbilis, Ancient Rome in Hispania",7,Q2098,1940-03-01,8099277,,104,Martial,,,"https://commons.wikimedia.org/wiki/File:Martial,_engraved_from_an_ancient_gem_(cropped).jpg","poet, writer",poet
Henri Martin,History and Philosophy,Male,1810,"Saint-Quentin, Aisne, France",6,Q954657,1810-02-20,1.00E+08,,1883-12-14,Martin,Henri,,"https://commons.wikimedia.org/wiki/File:Martin,_Henri,_par_Eugène_Pirou,_BNF_Gallica.jpg","politician, historian, writer",politician
Andrew Marvell,Literature,Male,1621,"Winestead, United Kingdom",5,Q365935,1621-03-31,39381003,18242,1678-08-16,Marvell,Andrew,,https://commons.wikimedia.org/wiki/File:Andrew_Marvell_engraving.jpg,"poet, politician, writer, satirist",poet
Theo Marzials,Literature,Male,1850,United Kingdom,10,Q7781472,1850-12-20,2518292,38443,1920-02-02,Marzials,Theodore,,,"composer, poet",composer
William Mason,Literature,Male,1724,"Kingston upon Hull, Yorkshire, England",4,Q3098261,1724-02-12,95718679,18293,1797-04-07,Mason,William,,https://commons.wikimedia.org/wiki/File:William_Mason_by_William_Doughty.jpg,"poet, painter, drawer, writer",poet
Gerald Massey,Literature,Male,1828,"Hertfordshire, England, United Kingdom",10,Q2470221,1828-05-29,27430451,34920,1907-10-29,Massey,T,Gerald,https://commons.wikimedia.org/wiki/File:Gerald_Massey_1856.jpg,"poet, writer, philosopher",poet
Philip Massinger,Literature,Male,1583,"Salisbury, Wiltshire, England, United Kingdom",5,Q380291,1583,39419260,18306,1640-03-17,Massinger,Philip,,https://commons.wikimedia.org/wiki/File:Philip_Massinger.jpg,"playwright, writer",playwright
William Henry Maule,"Military, Politics, and Law",Male,1788,"Edmonton, London, England, United Kingdom",9,Q8012091,1788-04-25,35904646,18369,1858,Maule,William,H,"https://commons.wikimedia.org/wiki/File:Bust_of_William_Henry_Maule,_Lincoln's_Inn.jpg","judge, lawyer, politician",judge
Isaac McLellan,Literature,Male,1806,"Portland, Maine, United States",10,Q15452658,1806-05-21,45955984,,1899-08-20,McLennan,Isaac,,https://commons.wikimedia.org/wiki/File:Isaac_McLellan.jpg,"poet, writer, magazine writer",poet
William Sharp,Literature,Male,1855,"Paisley, Scotland",10,Q1575288,1855-09-12,27144257,36041,1905-12-12,McLeod,Fiona,,https://commons.wikimedia.org/wiki/File:William_Sharp_(writer)_-_Project_Gutenberg_eText_19028.jpg,"writer, poet, biographer",writer
DNE,,,,,8,,,,,,Mee,William,,,,
Menander,Literature,Male,342,"Classical Athens, Greece",3,Q118992,340,2.97E+08,,-291,Menander,,,https://commons.wikimedia.org/wiki/File:Портрет_Менандра_А_850.jpg,"comedy writer, poet",comedy writer
George Meredith,Literature,Male,1828,"Portsmouth, Hampshire, England",10,Q90238,1828-02-12,14773801,34991,1909-05-18,Meredith,George,,https://commons.wikimedia.org/wiki/File:George_Meredith_by_George_Frederic_Watts.jpg,"writer, poet, novelist, prose writer",writer
"Robert Bulwer-Lytton, 1st Earl of Lytton","Military, Politics, and Law",Male,1831,"London, England, United Kingdom",10,Q335493,1831-11-08,1.04E+08,17315,1891-11-24,Meredith,Owen,,https://commons.wikimedia.org/wiki/File:2nd_Baron_Lytton.jpg,"politician, diplomat, poet, writer",politician
James Merrick,Literature,Male,1720,United Kingdom,3,Q6139659,1720,28500538,18601,1769,Merrick,James,,,poet,poet
William Julius Mickle,Literature,Male,1734,"Langholm, Scotland",1,Q8013808,1734-09-29,4940759,18661,1788-10-28,Mickle,William,Julius,https://commons.wikimedia.org/wiki/File:William_Julius_Mickle.jpg,"poet, translator, writer",poet
Thomas Middleton,Literature,Male,1580,"London, England, United Kingdom",7,Q344865,1580-04-18,2.92E+08,18682,1627-07-04,Middleton,Thomas,,https://commons.wikimedia.org/wiki/File:Middletn.jpg,"playwright, poet, writer, dramaturge",playwright
Joaquin Miller,Literature,Male,1837,"Liberty, Indiana, United States",10,Q1690875,1837-09-08,1.21E+08,,1913-02-17,Miller,Cincinnatus,H,https://commons.wikimedia.org/wiki/File:Joaquin_Miller_-_Brady-Handy.jpg,"poet, lawyer, writer, judge, journalist, novelist, frontiersman",poet
William Miller,Literature,Male,1810,"Glasgow, Scotland, United Kingdom",8,Q15442908,1810-08-01,48765403,18744,1872-08-20,Miller,William,,,"poet, writer",poet
"Richard Monckton Milnes, 1st Baron Houghton",Literature,Male,1809,"Mayfair, London, England, United Kingdom",1,Q334614,1809-06-19,1.21E+08,18794,1885-08-11,Milnes,Richard,Monckton,"https://commons.wikimedia.org/wiki/File:Richard_Monckton_Milnes,_Lord_Houghton._Photograph._Wellcome_V0026861.jpg","poet, politician, statistician, writer",poet
John Milton,Literature,Male,1608,"Cheapside, London, England, United Kingdom",1,Q79759,1608-12-09,17226855,18800,1674-11-08,Milton,John,,https://commons.wikimedia.org/wiki/File:John-milton.jpg,poet,poet
Mimnermus,Literature,Male,670,"Colophon, ancient former city in lonia",9,Q316129,670,2.49E+08,,-600,Mimnermus,,,https://commons.wikimedia.org/wiki/File:Mimnermus.png,"elegist, epigrammatist, musician",elegist
Charles Miner,"Military, Politics, and Law",Male,1780,"Norwich, Connecticut, United States",5,Q5080970,1780-02-01,36026159,,1865-10-26,Miner,Charles,,https://commons.wikimedia.org/wiki/File:Charles_Miner_(1780–1865).png,politician,politician
Donald Grant Mitchell,Literature,Male,1822,"Norwich, Connecticut, United States",10,Q5294439,1822-04-12,1.22E+08,,1908-12-15,Mitchell,Donald,G,https://commons.wikimedia.org/wiki/File:Donald_Grant_Mitchell_1883.jpg,"novelist, writer, essayist",novelist
Silas Weir Mitchell,Other Sciences,Male,1829,"Philadelphia, Pennsylvania, United States",10,Q1283916,1829-02-15,56749017,,1914-01-04,Mitchell,S,Weir,https://commons.wikimedia.org/wiki/File:Silas_Weir_Mitchell.jpg,"physician, writer, neurologist, medical writer",physician
George Moir,Arts,Male,1800,"Aberdeen, Scotland, United Kingdom",10,Q16065659,1800,42012683,18891,1870,Moir,George,M,,photographer,photographer
Molière,Literature,Male,1622,"Paris, France",7,Q687,1622-01-15,2474502,,1673-02-17,Molière,,,https://commons.wikimedia.org/wiki/File:Pierre_Mignard_-_Portrait_de_Jean-Baptiste_Poquelin_dit_Molière_(1622-1673)_-_Google_Art_Project_(cropped).jpg,"playwright, stage actor, poet, satirist, theatrical director, dramaturge, writer, theatre manager",playwright
Michel de Montaigne,Literature,Male,1533,"Saint-Michel-de-Montaigne, Dordogne, France",7,Q41568,1533-02-28,95153547,,1592-09-13,Montaigne,,,https://commons.wikimedia.org/wiki/File:Montaigne-Dumonstier.jpg,"philosopher, translator, jurist, essayist, autobiographer, politician, poet lawyer, French moralist, writer",philosopher
Robert Montgomery,Literature,Male,1807,"Bath, Somerset, England, United Kingdom",7,Q7347763,1807,32765988,19074,1855,Montgomery,Robert,,https://commons.wikimedia.org/wiki/File:Robert_Montgomery_cropped_from_Wellcome_V0006808.jpg,"writer, poet",writer
James Montgomery,Literature,Male,1771,"Irvine, North Ayrshire, Scotland",3,Q3269483,1771-11-04,183634,19070,1854-04-30,Montgomery,James,,https://commons.wikimedia.org/wiki/File:Portrait_of_James_Montgomery_Esq_(4672641).jpg,"poet, writer",poet
"James Graham, 1st Marquess of Montrose","Military, Politics, and Law",Male,1612,"Montrose, Angus, Scotland",1,Q979180,1612-10-25,7544656,11194,1650-05-21,Montrose,Marquis,of,https://commons.wikimedia.org/wiki/File:1st_Marquess_of_Montrose.jpg,"poet, writer, military officer, politician",poet
William Vaughn Moody,Literature,Male,1869,"Spencer, Owen County, Indiana, United States",10,Q1122901,1869-07-08,72190216,,1910-10-17,Moody,William,V,"https://commons.wikimedia.org/wiki/File:William_Vaughn_Moody,_1910.jpg","poet, playwright, writer, university teacher",poet
George Moore,Literature,Male,1852,"Ballyglass, Ireland",10,Q965927,1852-02-24,22160365,35089,1933-01-21,Moore,George,,https://commons.wikimedia.org/wiki/File:Edouard_Manet_Georges_Moore.jpg,"poet, dramaturge, screenwriter, novelist, playwright, writer, art critic, art historian",poet
Thomas Moore,Literature,Male,1779,"Dublin, Ireland",1,Q315346,1779-05-28,24616222,19150,1852-02-25,Moore,Thomas,,https://commons.wikimedia.org/wiki/File:Thomas_Moore_from_NPG.jpg,"poet, songwriter",poet
Clement Clarke Moore,Society,Male,1779,"New York City, New York, United States",8,Q2978887,1779-07-15,9864972,,1863-07-10,Moore,Clement,C,https://commons.wikimedia.org/wiki/File:The_Author_of_'A_Visit_from_St._Nicholas'_-_Clement_C._Moore.png,"university teacher, writer, entrepreneur, public figure, poet",university teacher
Edward Moore,Literature,Male,1712,"Abingdon-on-Thames, Vale of White Horse, England, United Kingdom",1,Q1293055,1712-03-22,22146139,19104,1757-03-01,Moore,Edward,,,"playwright, poet, writer",playwright
Thomas More,"Military, Politics, and Law",Male,1478,"London, England, United Kingdom",7,Q42544,1478-02-07,29541174,19191,1535-07-06,More,Sir Thomas,,https://commons.wikimedia.org/wiki/File:Portrait_of_Thomas_More_by_Hans_Holbein_d._J._in_the_Frick_Colllection.jpg,"philosopher, historian, theologian, politician, poet, statesperson, novelist, poet lawyer, judge, diplomat, writer",philosopher
Hannah More,Literature,Female,1745,"Fishponds, Bristol",2,Q25880,1745-02-02,51802053,19179,1833-09-07,More,Hannah,,https://commons.wikimedia.org/wiki/File:HannahMore.jpg,"writer, poet, essayist, philanthropist, abolitionist, playwright, tragedy writer",writer
Thomas Morell,Religion,Male,1703,"Eton, Berkshire, England, United Kingdom",7,Q1526959,1703-03-18,79159546,19201,1784-02-19,Morell,Thomas,,https://commons.wikimedia.org/wiki/File:Thomas_Morell_by_James_Basire.jpg,"theologian, librettist, religious",theologian
Morris H. Morgan,History and Philosophy,Male,1859,"Providence, Rhode Island, United States",9,Q6913721,1859-02-08,39765956,,1910-03-16,Morgan,M.H.,,,"classical philologist, university teacher, classical scholar",classical philologist
"John Morley, 1st Viscount Morley of Blackburn","Military, Politics, and Law",Male,1838,"Blackburn, Lancashire, England",10,Q333519,1838-12-24,49270208,35110,1923-09-23,Morley,John,,https://commons.wikimedia.org/wiki/File:Morley-John-Viscount.jpg,"politician, writer, journalist, biographer, editor, barrister",politician
Lewis Morris,Literature,Male,1833,"Carmarthen, Carmarthenshire, Wales",10,Q6536902,1833-01-23,47974151,35114,1907-11-12,Morris,Sir Lewis,,https://commons.wikimedia.org/wiki/File:Lewis_Morris_woodburytype.png,"writer, poet, politician",writer
George Pope Morris,Literature,Male,1802,"Philadelphia, Pennsylvania, United States",5,Q5543490,1802-10-10,60433498,,1864-07-06,Morris,George,P,https://commons.wikimedia.org/wiki/File:George_Pope_Morris.jpg,"journalist, poet, writer",journalist
William Morris,Arts,Male,1834,"Walthamstow, London, England, United Kingdom",10,Q182589,1834-03-24,22146194,19322,1896-10-03,Morris,William,,https://commons.wikimedia.org/wiki/File:William_Morris_age_53.jpg,"architect, poet, designer, graphic designer, painter, science fiction writer, politician, illustrator",architect
Charles Morris,Literature,Male,1745,"Cork, Ireland",1,Q17423566,1745,4797100,19321,1838,Morris,Charles,,https://commons.wikimedia.org/wiki/File:Charles_Morris_by_James_Lonsdale.jpg,"poet, commandant",poet
Thomas Morton,Literature,Male,1764,"Durham, North Carolina, United States",1,Q7792577,1764,34530533,19375,1838-03-28,Morton,Thomas,,https://commons.wikimedia.org/wiki/File:Thomas_Morton_(1764–1838).jpg,"playwright, writer",playwright
Thomas Moss,Literature,Male,1740,"Cobourg, Ontario, Canada",1,Q7792587,1740,14643935,19404,1808,Moss,Thomas,,,poet,poet
William Motherwell,Literature,Male,1797,"Glasgow, Scotland, United Kingdom",5,Q4020110,1797-10-13,30455839,19419,1835-11-01,Motherwell,William,,https://commons.wikimedia.org/wiki/File:William_Motherwell.jpg,"poet, writer, journalist",poet
Louise Chandler Moulton,Literature,Female,1835,"Pomfret, Connecticut, United States",10,Q4968247,1835-04-10,13715100,,1908-08-10,Moulton,Louise,C,https://commons.wikimedia.org/wiki/File:Louise_Chandler_Moulton_by_D._Kurtz.jpg,"writer, literary critic, journalist, poet",writer
William Augustus Muhlenberg,Religion,Male,1796,"Philadelphia, Pennsylvania, United States",9,Q3568401,1796-09-16,19539766,,1877-04-08,Muhlenberg,William,A,https://commons.wikimedia.org/wiki/File:Muhlenberg1.jpg,"Anglican priest, writer",Anglican priest
Dinah Craik,Literature,Female,1826,"Stoke-on-Trent, Staffordshire, England, United Kindgom",7,Q2331155,1826-04-20,46793285,19519,1887-10-12,Mulock,Dinah,M,https://commons.wikimedia.org/wiki/File:Dinah_Maria_Craik_(née_Mulock)_by_Sir_Hubert_von_Herkomer.jpg,"writer, novelist, poet, essayist, children's writer",writer
Ernst zu Münster,"Military, Politics, and Law",Male,1766,"Osnabrück, German",8,Q67418,1766-03-01,42630220,94722,1839-05-20,Münster,Ernst,F,https://commons.wikimedia.org/wiki/File:Ernst_zu_Münster.jpg,"politician, diplomat",politician
Arthur Murphy,Literature,Male,1727,"Roscommon, Ireland",5,Q2865268,1727-12-27,24641385,19569,1805-06-18,Murphy,Arthur,,"https://commons.wikimedia.org/wiki/File:Arthur_Murphy_by_Nathaniel_Dance,_(later_Sir_Nathaniel_Dance-Holland,_Bt).jpg","biographer, barrister",biographer
Frederic William Henry Myers,Literature,Male,1843,"Keswick, England, United Kingdom",10,Q1336837,1843-02-06,64127663,35177,1901-01-17,Myers,Frederick,W.H.,https://commons.wikimedia.org/wiki/File:Frederic_William_Henry_Myers_by_William_Clarke_Wontner.jpg,"writer, poet, psychologist",writer
Gustave Nadaud,Arts,Male,1820,"Roubaix, Nord, France",10,Q3121274,1820-02-20,71431978,,1893-04-28,Nadaud,Gustave,,https://commons.wikimedia.org/wiki/File:Nadaud_BNF_Gallica.jpg,"songwriter, composer, poet, chansonnier, goguettier, writer",songwriter
Carolina Nairne,Arts,Female,1766,"Gask, Perth, Scotland",7,Q5044865,1766-08-16,52985239,19723,1845-10-26,Nairne,Lady,,"https://commons.wikimedia.org/wiki/File:Carolina_Oliphant,_Lady_Nairne.jpg","musicologist, songwriter, writer",musicologist
DNE,,,,,10,,,,,,Nancy,Lord,,,,
William Francis Patrick Napier,"Military, Politics, and Law",Male,1785,"Celbridge, Kildare, Ireland",5,Q637730,1785-12-07,25337800,19772,1860-02-12,Napier,Sir W.F.P.,,https://commons.wikimedia.org/wiki/File:William-Francis-Patrick-Napier.jpg,"military personnel, writer, military historian, military commander",military personnel
Napoleon III,"Military, Politics, and Law",Male,1808,"Paris, France",9,Q7721,1808-04-20,88934487,,1873-01-09,Napoleon,Louis,,https://commons.wikimedia.org/wiki/File:Napoleon_III_by_Mayer_&_Pierson_c1860_(cropped).png,"politician, writer",politician
Thomas Nashe,Literature,Male,1567,"Lowestoft, Suffolk, England",9,Q443042,1567-11-01,1257713,19790,1601,Nash,Thomas,,https://commons.wikimedia.org/wiki/File:Thomas-Nashe.jpg,"playwright, writer, novelist, poet",playwright
Charles Neaves,"Military, Politics, and Law",Male,1800,"Edinburgh, Scotland, United Kingdom",10,Q5081216,1800,23743856,19836,1876,Neaves,Lord Charles,,,"judge, poet",judge
Horatio Nelson,"Military, Politics, and Law",Male,1758,"Burnham Thorpe, Norfolk, England, United Kingdom",9,Q83235,1758-09-29,76324981,19877,1805-10-21,Nelson,Horatio,,https://commons.wikimedia.org/wiki/File:HoratioNelson1.jpg,"naval officer, politician",naval officer
Henry Newbolt,Literature,Male,1862,"Bilston, West Midlands, Wolverhampton, United Kingdom",10,Q3402352,1862-06-06,59881125,35212,1938-04-19,Newbolt,Henry,J,https://commons.wikimedia.org/wiki/File:Sir_Henry_John_Newbolt_by_George_Charles_Beresford_(1900s-1910s).jpg,"military historian, historian, writer, journalist, poet, novelist",military historian
John Henry Newman,Religion,Male,1801,"London, England, United Kingdom",10,Q44490,1801-02-21,17227308,20023,1890-08-11,Newman,John,H,"https://commons.wikimedia.org/wiki/File:John_Henry_Newman_by_Sir_John_Everett_Millais,_1st_Bt.jpg","theologian, poet, Anglican priest, Catholic priest, novelist, university teacher, hymnwriter, philosopher, writer",theologian
Isaac Newton,Other Sciences,Male,1643,"Woolsthorpe Manor, Woolsthorpe-by-Colsterworth, Lincolnshire, England, United Kingdom",5,Q935,1642-12-25,22146457,20059,1727-03-31,Newton,Sir Isaac,,https://commons.wikimedia.org/wiki/File:GodfreyKneller-IsaacNewton-1689.jpg,"mathematician, philosopher",mathematician
Friedrich Nietzsche,History and Philosophy,Male,1844,"Röcken, Germany",10,Q9358,1844-10-15,89798474,,1900-08-25,Nietzsche,Friedrich,W,https://commons.wikimedia.org/wiki/File:Nietzsche187a.jpg,"philosopher, poet, writer, composer, pedagogue, classical philologist, music critic, classical scholar",philosopher
Thomas Noel,Literature,Male,1799,"Kirkby Mallory, Leicestershire, England, UK",8,Q7792760,1799-05-11,56113925,20236,1861-05-22,Noel,Thomas,,,"poet, writer",poet
Roden Noel,Literature,Male,1834,"London, England, United Kingdom",10,Q2160989,1834-08-27,76438424,20235,1894-05-26,Noel,Roden,B.W.,https://commons.wikimedia.org/wiki/File:Roden_Noel_by_Richmond.jpg,"writer, poet",writer
John Norris,History and Philosophy,Male,1657,"England, United Kingdom",1,Q3182195,1657,22229289,20277,1711,Norris,John,,,"philosopher, poet, theologian",philosopher
Caroline Elizabeth Sarah Norton,Literature,Female,1808,"London, England, United Kingdom",10,Q850141,1808-03-22,76361166,20339,1877-06-15,Norton,Caroline,E,"https://commons.wikimedia.org/wiki/File:Caroline_Norton_(1808-77)_society_beauty_and_author_by_GH,_Chatsworth_Coll..jpg","writer, poet, playwright, composer, novelist, editor",writer
Alfred Noyes,Literature,Male,1880,"Wolverhampton, West Midlands, England",10,Q1390604,1880-09-16,34584944,35266,1958-06-28,Noyes,Alfred,,https://commons.wikimedia.org/wiki/File:Alfred_Noyes.jpg,"poet, writer, novelist, university teacher, playwright, science fiction writer",poet
Theodore O'Hara,Literature,Male,1820,"Danville, Boyle County, Kentucky, United States",5,Q7781931,1820-02-11,32833027,,1867-06-06,O’Hara,Theodore,,https://commons.wikimedia.org/wiki/File:Theodore_OHara.JPG,poet,poet
Kane O'Hara,Arts,Male,1712,Ireland,5,Q6361840,1712,52601749,20635,1782-06-17,O’Hara,Kane,,,"playwright, composer",playwright
John O'Keeffe,Literature,Male,1747,"Dublin, Ireland",8,Q6250929,1747-06-24,,20658,1833-02-04,O’Keefe,John,,https://commons.wikimedia.org/wiki/File:John_O'Keeffe_by_Thomas_or_William_Lawranson.jpg,"actor, writer",actor
Dennis O'Kelly,Society,Male,1728,"Connacht, Ireland",9,Q1189401,1728,49101272,20660,1787,O’Kelley,Captain,,https://commons.wikimedia.org/wiki/File:Dennis_O'Kelly.jpg,animal breeder,animal breeder
Barry Edward O'Meara,Other Sciences,Male,1786,Ireland,8,Q2885734,1786,1.00E+08,20755,1836-06-03,O’Meara,Barry,E,"https://commons.wikimedia.org/wiki/File:Barry_Edward_O'Meara,_holding_a_copy_of_his_book,_A_Voice_From_St._Helena_(1822).jpg","surgeon, writer",surgeon
John Boyle O'Reilly,Literature,Male,1844,"County Meath, Ireland",10,Q12064924,1844-06-28,37800192,20823,1890-08-10,O’Reilly,John,B,https://commons.wikimedia.org/wiki/File:John_Boyle_O'Reilly_cph.3a38519.jpg,"writer, poet",writer
Arthur O'Shaughnessy,Literature,Male,1844,"London, England, United Kingdom",10,Q710896,1844-03-14,22975288,20893,1881-01-30,O’Shaughnessy,Arthur,W.E.,https://commons.wikimedia.org/wiki/File:Arthur_O'Shaughnessy_-_portrait_2.jpg,"poet, zoologist, writer, herpetologist",poet
John Oldham,Literature,Male,1653,"Shipton Moyne, England, UK",9,Q4027184,1653-08-09,46885246,20687,1683-12-09,Oldham,John,,https://commons.wikimedia.org/wiki/File:John_Oldham.JPG,"translator, poet, writer",translator
William Oldys,History and Philosophy,Male,1696,"London, England, United Kingdom",7,Q8016330,1696-07-14,42182921,20699,1761-04-15,Oldys,William,,"https://commons.wikimedia.org/wiki/File:Portrait_of_William_Oldys,_1795,_by_John_Sewell,_NPG.png","antiquarian, writer",antiquarian
"Roger Boyle, 1st Earl of Orrery",Literature,Male,1621,"Lismore, Waterford, Ireland",7,Q1345535,1621-04-25,73979816,3138,1679-10-16,Orrery,R,B,"https://commons.wikimedia.org/wiki/File:Roger_Boyle,_1st_Earl_of_Orrery_1571466001_(cropped).jpg","writer, playwright, politician",writer
Thomas Otway,Literature,Male,1652,"Trotton with Chithurst, England, United Kingdom",1,Q955217,1652-03-03,56618493,20944,1685-04-14,Otway,Thomas,,https://commons.wikimedia.org/wiki/File:William_Blake_-_Thomas_Otway_-_Manchester_City_Gallery_-_Tempera_on_canvas_c_1800.jpg,"playwright, poet, writer, translator",playwright
Thomas Overbury,Literature,Male,1581,"Warwickshire, England, United Kingdom",3,Q1790396,1581-06-18,12525071,20966,1613-09-14,Overbury,Sir Thomas,,https://commons.wikimedia.org/wiki/File:Tho_overbury.jpg,"poet, writer, traveler",poet
Ovid,Literature,Male,-43-03-20,"Sulmona, Italy",7,Q7198,-43-03-20,88342447,,17,Ovid,,,https://commons.wikimedia.org/wiki/File:Ovid_by_an_anonymous_sculptor.jpg,poet,poet
Axel Oxenstierna,"Military, Politics, and Law",Male,1583,"Uppsala, Uppsala County, Sweden",7,Q155127,1583-06-16,69254716,,1654-08-28,Oxenstiern,,,https://commons.wikimedia.org/wiki/File:Axel_Oxenstierna_1635.jpg,"diplomat, military personnel, land owner, politician",diplomat
Thomas Paine,Literature,Male,1737,"Thetford, Norfolk, England, United Kingdom",1,Q126462,1737-01-29,4934659,21133,1809-06-08,Paine,Thomas,,https://commons.wikimedia.org/wiki/File:Thomas_Paine_rev1.jpg,"philosopher, politician, writer, entrepreneur, journalist, prose writer, opinion journalist",philosopher
"Robert Treat Paine, Jr.",Literature,Male,1773,"Boston, Massachusetts, United States",5,Q7350460,1773-12-09,2.35E+08,,1811-11-13,Paine Jr.,Robert,Treat,https://commons.wikimedia.org/wiki/File:R.T._(Robert_Treat)_Paine_(NYPL_Hades-251014-465416)_(cropped).jpg,"poet, writer",poet
"José Rebolledo de Palafox, 1st Duke of Saragossa","Military, Politics, and Law",Male,1776,"Zaragoza, Spain",1,Q332481,1775-10-28,40583871,,1847-02-15,Palafox,Don,Joseph,https://commons.wikimedia.org/wiki/File:José_de_Palafox_por_Goya_(Prado).jpg,"military leader, politician",military leader
William Paley,History and Philosophy,Male,1743,"Peterborough, England, United Kingdom",7,Q433739,1743-07-14,19975235,21155,1805-05-25,Paley,William,,https://commons.wikimedia.org/wiki/File:William_Paley_by_George_Romney.jpg,"philosopher, theologian, university teacher, writer",philosopher
Francis Turner Palgrave,Literature,Male,1824,"Great Yarmouth, Norfolk, England, United Kingdom",10,Q516497,1824-09-28,14867502,21158,1897-10-24,Palgrave,Francis,T,https://commons.wikimedia.org/wiki/File:Francis_Turner_Palgrave.jpg,"writer, poet, literary critic, university teacher",writer
Antoine-Léopold de Brunet,"Military, Politics, and Law",Male,1762,"Albi, Tarn, France",9,Q38201830,1762-11-14,,,1834-01-22,Panat,Chevalier de,,,naval officer,naval officer
Julia Pardoe,Literature,Female,1806,"Beverley, Yorkshire, England",8,Q822155,1806-12-04,74664391,21259,1862-11-26,Pardoe,Julia,,https://commons.wikimedia.org/wiki/File:Julia_Pardoe_autograph.jpg,"novelist, writer",novelist
Theodore Parker,Society,Male,1810,"Lexington, Middlesex County, Massachusetts, United States",7,Q709002,1810-08-24,1.22E+08,,1860-05-10,Parker,Theodore,,https://commons.wikimedia.org/wiki/File:Theodore_Parker_BPL_c1855-crop.jpg,"theologian, writer",theologian
Martin Parker,Literature,Male,1600,United Kingdom,3,Q6776341,1624,1.02E+08,21326,1647,Parker,Martyn,,,"songwriter, writer",songwriter
Edward Harper Parker,"Military, Politics, and Law",Male,1849,united Kingdom,10,Q5343324,1849-07-03,34848121,,1926,Parker,Ewdard,H,,"barrister, linguist, diplomat",barrister
Thomas Parnell,Literature,Male,1679,"Dublin, Ireland",1,Q2517940,1679-09-11,32041540,21390,1718-10-24,Parnell,Thomas,,https://commons.wikimedia.org/wiki/File:Thomas_Parnell.jpg,"poet, writer, essayist, translator",poet
Thomas William Parsons,Literature,Male,1819,"Boston, Massachusetts, United States",10,Q3990739,1819-08-18,40860640,,1892-09-03,Parsons,Thomas,W,,"poet, dentist, translator, writer",poet
Blaise Pascal,Other Sciences,Male,1623,"Clermont-Ferrand, Puy-de-Dôme, France",7,Q1290,1623-06-19,29538862,,1662-08-19,Pascal,,,https://commons.wikimedia.org/wiki/File:FR-631136102_GRA_6025_Portrait_de_Blaise_Pascal_par_Edelinck_(cropped).jpg,"mathematician, philosopher, theologian, physicist, writer, French moralist, statistician",mathematician
John Howard Payne,Literature,Male,1791,"New York City, New York, United States",3,Q4401542,1791-06-09,34804310,,1852-04-10,Payne,J,Howard,https://commons.wikimedia.org/wiki/File:Johnhowardpayneportrait.png,"diplomat, stage actor, writer, lyricist, songwriter, poet, playwright, translator, librettist",diplomat
George Peele,Literature,Male,1556,"London, England, United Kingdom",5,Q704626,1556,,21768,1596-11-07,Peele,George,,,"playwright, writer, poet, actor",playwright
James Gates Percival,Literature,Male,1795,"Berlin, Connecticut, United States",8,Q1680441,1795-09-15,77364858,,1856-05-02,Percival,James,G,https://commons.wikimedia.org/wiki/File:James_Gates_Percival_by_his_brother.png,"poet, university teacher, writer, geologist, surgeon",poet
Thomas Percy,Literature,Male,1729,"Bridgnorth, Shropshire",1,Q712930,1729-04-13,68971787,21959,1811-09-30,Percy,Bishop Thomas,,https://commons.wikimedia.org/wiki/File:Thomas_Percy.jpg,"poet, antiquarian seller, priest, writer, musicologist, translator",poet
Jean Sirmond,Literature,Male,1589,"Riom, Puy-de-Dôme, France",7,Q1219274,1589,7438501,,1649,Pere,Sirmond,,https://commons.wikimedia.org/wiki/File:Жан_Сирмон.PNG,"poet, historian",poet
Nora Perry,Literature,Female,1831,"Dudley, Massachusetts, United States",10,Q7050140,1831,3.05E+08,,1896-05-13,Perry,Nora,,https://commons.wikimedia.org/wiki/File:Portrait_of_Nora_Perry.jpg,"novelist, writer, poet, journalist, children's writer",novelist
Oliver Hazard Perry,"Military, Politics, and Law",Male,1785,"Rhode Island, United States",7,Q580513,1785-08-23,8849268,,1819-08-23,Perry,Oliver,H,https://commons.wikimedia.org/wiki/File:Stuart-Perry_portrait.jpg,military officer,military officer
Persius,Literature,Male,1934,"Volterra, Italy",8,Q332785,1934-12-04,1.00E+08,,1962-11-24,Persius,,,https://commons.wikimedia.org/wiki/File:Aulus_Persius_Flaccus.jpeg,"poet, writer, philosopher",poet
Phaedrus,Literature,Male,-20,"Central Macedonia, Greece",5,Q52166,-20,1.00E+08,,50,Phaedrus,,,https://commons.wikimedia.org/wiki/File:Phaedrus_Fabulist_1745_engraving.jpg,"writer, poet",writer
Wendell Phillips,"Military, Politics, and Law",Male,1811,"Boston, Massachusetts, United States",9,Q530310,1811-11-29,2493397,,1884-02-02,Phillips,Wendell,,https://commons.wikimedia.org/wiki/File:Wendell_Phillips_by_Brady.jpg,"jurist, politician, lawyer, writer",jurist
Charles Phillips,"Military, Politics, and Law",Male,1787,"Sligo, Ireland",8,Q5081637,1787,49248117,22147,1859,Phillips,Charles,,https://commons.wikimedia.org/wiki/File:Charles_Phillips_Woolnoth.jpg,"author, barrister",author
John Philips,Literature,Male,1676,"Oxfordshire, England, United Kingdom",1,Q3182294,1676-12-30,38788,22123,1709-02-15,Phillips,John,,https://commons.wikimedia.org/wiki/File:John_Philips_from_NPG.jpg,"poet, writer",poet
Ambrose Philips,Literature,Male,1674,"Shropshire, United Kingdom",5,Q2404968,1674,49250263,22119,1749-06-18,Phillips,Ambrose,,https://commons.wikimedia.org/wiki/File:Ambrose-philips.jpg,"poet, politician, playwright, writer",poet
Philostratus,History and Philosophy,Male,170,"Lemnos, Greece",7,Q2274948,170,2.51E+08,,250,Philostratus,,,,"writer, sophist, orator, philosopher",writer
John Pierpont,Literature,Male,1785,"Litchfield, Connecticut, United States",5,Q2742184,1785-04-06,3.05E+08,,1866-08-27,Pierpont,John,,https://commons.wikimedia.org/wiki/File:John_Pierpont_by_Mathew_Brady.jpg,"poet, teacher, merchant, priest, writer",poet
Edward Coote Pinkney,Literature,Male,1802,"London, England, United Kingdom",10,Q5342403,1802-10-01,49081698,,1828-04-11,Pinckney,Edward,C,https://commons.wikimedia.org/wiki/File:Edward_Coote_Pinkney_frontispiece.jpg,"lyricist, jurist, poet, writer",lyricist
Charles Cotesworth Pinckney,"Military, Politics, and Law",Male,1746,"Charleston, South Carolina, United States",3,Q405463,1746-02-25,53144520,68644,1825-08-16,Pinckney,Charles,Cotesworth,https://commons.wikimedia.org/wiki/File:CharlesCPinckney.png,"diplomat, politician, military personnel, lawyer",diplomat
"William Pitt, 1st Earl of Chatham","Military, Politics, and Law",Male,1708,"London, England, United Kingdom",4,Q208663,1708-11-15,34466316,22337,1778-05-11,Pitt,William,,"https://commons.wikimedia.org/wiki/File:William_Pitt,_1st_Earl_of_Chatham_after_Richard_Brompton.jpg",politician,politician
William Pitt the Younger,"Military, Politics, and Law",Male,1759,"Kent, England, United Kingdom",9,Q128902,1759-05-28,72190413,22338,1806-01-23,Pitt,William (the younger),,https://commons.wikimedia.org/wiki/File:OlderPittThe_Younger_crop.jpg,"politician, lawyer",politician
Plautus,Literature,Male,-254,"Sarsina, Italy",7,Q47160,-254,66462281,,-184,Plautus,,,https://commons.wikimedia.org/wiki/File:Plautus_18th_century_engraving_(cropped).jpg,"comedy writer, playwright, writer",comedy writer
John Playford,Arts,Male,1623,"Norwich, Norfolk, England, United Kingdom",7,Q1282455,1623,59270608,22374,1686-12-01,Playford,John,,https://commons.wikimedia.org/wiki/File:John_Playford_by_David_Loggan.jpg,"composer, music publisher, musicologist, music theorist, choreographer, bookseller, printer",composer
Pliny the Elder,History and Philosophy,Male,23,"Como, Italy",9,Q82778,20,1.00E+08,,1979-08-24,Pliny the Elder,,,https://commons.wikimedia.org/wiki/File:Grande_Illustrazione_del_Lombardo_Veneto_Vol_3_Plinio_Secondo_300dpi.jpg,"writer, historian, naturalist, military personnel, poet, philosopher, art historian, civil servant, military commander",writer
Pliny the Younger,"Military, Politics, and Law",Male,1961,"Como, Italy",9,Q168707,61,10638270,,113,Pliny the Younger,,,https://commons.wikimedia.org/wiki/File:Plinio_il_Giovane.jpg,"writer, politician, poet, lawyer, historian, military personnel, official, jurist, civil servant",writer
Plutarch,Literature,Male,46,"Chaeronea, Greece",3,Q41523,40,2.69E+08,,127,Plutarch,,,https://commons.wikimedia.org/wiki/File:Plutarch_head_only.jpg,"essayist, priest, magistrate, biographer, historian, writer, philosopher",essayist
Edgar Allan Poe,Literature,Male,1809,"Boston, Massachusetts, United States",5,Q16867,1809-01-19,60351476,,1849-10-07,Poe,Edgar,A,"https://commons.wikimedia.org/wiki/File:Edgar_Allan_Poe,_circa_1849,_restored,_squared_off.jpg","poet, writer, essayist, literary critic, novelist",poet
Robert Pollok,Literature,Male,1798,"Renfrewshire, Scotland",1,Q7348957,1798-10-19,75342059,22481,1827-09-15,Pollok,Robert,,"https://commons.wikimedia.org/wiki/File:Robert_Pollok_Centenary_Memorial,_Mearns_Road,_Loganswell,_Renfrewshire.jpg","writer, poet",writer
John Pomfret,Literature,Male,1667,"Luton, United Kingdom",5,Q6253129,1667,39721401,22485,1702,Pomfret,John,,,"poet, writer",poet
Walter Pope,Other Sciences,Male,1627,"Northamptonshire, England, United Kingdom",3,Q7965857,1627,12647423,22536,1714,Pope,Dr. Walter,,,astronomer,astronomer
Alexander Pope,Literature,Male,1688,"City of London, London, England, United Kingdom",1,Q164047,1688-05-21,61551003,22526,1744-05-30,Pope,Alexander,,https://commons.wikimedia.org/wiki/File:Alexander_Pope_by_Michael_Dahl.jpg,"poet, literary historian, translator, writer, philosopher",poet
Horace Porter,"Military, Politics, and Law",Male,1837,"Huntingdon, Pennsylvania, United States",9,Q3140470,1837-04-15,77116317,,1921-05-29,Porter,Horace,,https://commons.wikimedia.org/wiki/File:Gen._Horace_Porter_(4227901105)_(3x4a).jpg,"military officer, diplomat, writer",military officer
DNE,,,,,8,,,,,,Porter,Mrs David,,,,
Beilby Porteus,Religion,Male,1731,"York, United Kingdom",1,Q4881237,1731-05-08,42188951,22584,1809-05-13,Porteus,Beilby,,https://commons.wikimedia.org/wiki/File:Beilby_porteus_engraving.jpg,priest,priest
Henry Codman Potter,Religion,Male,1835,"Schenectady, New York, United States",9,Q5719067,1835-05-25,15553452,,1908-07-21,Potter,Henry,C,https://commons.wikimedia.org/wiki/File:Henry_Codman_Potter_-_Bischof.jpg,"priest, theologian, writer",priest
Sir John Powell,"Military, Politics, and Law",Male,1633,"Llanwrda, Carmarthenshire, Wales",3,Q6253276,1633,,22651,1696-09-07,Powell,Sir John,,https://commons.wikimedia.org/wiki/File:SirJohnPowell.jpg,"judge, barrister",judge
Winthrop Mackworth Praed,Literature,Male,1802,"London, England, United Kingdom",5,Q1230504,1802-07-28,45176939,22696,1839-07-15,Praed,Winthrop,M,"https://commons.wikimedia.org/wiki/File:Athenaeum_Portraits_(BM_1865,0610.1227).jpg","poet, politician, poet lawyer, writer",poet
Joseph Priestley,Other Sciences,Male,1733,"Birstall, West Yorkshire, England",5,Q159636,1733-03-13,1.21E+08,22788,1804-02-06,Priestley,Joseph,,https://commons.wikimedia.org/wiki/File:Priestley.jpg,"philosopher, theologian, chemist, educator, political theorist, dilettante, librarian, teacher, historian of science, physicist, politician, inventor, writer, Christian minister, linguist, naturalist",philosopher
"Archibald Primrose, 5th Earl of Rosebery","Military, Politics, and Law",Male,1847,"London, England, United Kingdom",10,Q244620,1847-05-07,4938429,35612,1929-05-21,Primrose,Archibald,P,"https://commons.wikimedia.org/wiki/File:Archibald_Primrose,_5th_Earl_of_Rosebery_-_1890s.jpg","politician, diplomat, biographer, writer",politician
James Prior,Other Sciences,Male,1790,"Lisburn, Northern Ireland",8,Q17014517,1790,11038810,22813,1869-11-14,Prior,James,,https://commons.wikimedia.org/wiki/File:James_Prior_Eddis.jpg,"writer, surgeon",writer
Matthew Prior,"Military, Politics, and Law",Male,1664,"London, England, United Kingdom",1,Q1256302,1664-07-21,68976517,22814,1721-09-18,Prior,Matthew,,https://commons.wikimedia.org/wiki/File:Matthew_Prior_by_Thomas_Hudson.jpg,"poet, diplomat, writer, politician",poet
Proclus,History and Philosophy,Male,412,"Constantinople, Byzantine Empire, the Latin and the Ottoman Empire",7,Q271809,0412-02-08,1.02E+08,,0485-04-17,Proclus,,,https://commons.wikimedia.org/wiki/File:In_primum_Euclidis_elementorum_librum_01.jpg,"philosopher, mathematician, mythographer, writer",philosopher
Bryan Procter,Literature,Male,1787,"Leeds, West Yorkshire, England, United Kingdom",1,Q4980322,1787-11-21,27855302,22835,1874-10-05,Procter,Bryan,Waller,https://commons.wikimedia.org/wiki/File:Bryan_Waller_Procter.jpg,"lawyer, poet, writer",lawyer
Adelaide Anne Procter,Literature,Female,1825,"London, England, United Kingdom",10,Q4681673,1825-10-30,18089774,22834,1864-02-02,Procter,Adelaide,A,https://commons.wikimedia.org/wiki/File:Adelaide_Anne_Procter_by_Emma_Gaggiotti_Richards.jpg,"writer, poet, activist, philanthropist",writer
David Law Proudfit,Literature,Male,1842,"Newburgh-on-the-Hudson, New York, United States. ",10,Q5236367,1842-10-27,2.51E+08,,1897-02-23,Proudfit,Daniel,L,,"poet, writer",poet
Publilius Syrus,Literature,Male,100,"Antioch, Turkey",7,Q363375,100,22130553,,,Publius,Syrus,,,"writer, playwright, poet, philosopher, actor",writer
"Sir William Pulteney, 5th Baronet","Military, Politics, and Law",Male,1729,"Dumfries and Galloway, Scotland",7,Q7529742,1729-10-19,53100902,56208,1805-05-30,Pulteney,William,,"https://commons.wikimedia.org/wiki/File:Thomas_Gainsborough_-_William_Johnstone-Pulteney,_Later_5th_Baronet_-_Google_Art_Project.jpg",politician,politician
Francis Quarles,Literature,Male,1592,"London Borough of Havering, London, England, United Kingdom",1,Q585489,1592-05-08,38546,22945,1644-09-08,Quarles,Francis,,https://commons.wikimedia.org/wiki/File:QUARLES_Francis.png,"poet, writer",poet
Josiah Quincy II,"Military, Politics, and Law",Male,1744,"Boston, Massachusetts, United States",5,Q376529,1744-02-23,17212907,,1775-04-26,Quincy,Josiah,,https://commons.wikimedia.org/wiki/File:Josiah_Quincy_by_Stuart.jpg,"lawyer, writer",lawyer
"Josiah Quincy, Jr.","Military, Politics, and Law",Male,1802,"Boston, Massachusetts, United States",5,Q2675248,1802-01-17,36909715,,1882-11-02,Quincy,Josiah,Jr,https://commons.wikimedia.org/wiki/File:Josiah_Quincy_5210004_015_011_(3x4).jpg,politician,politician
Quintilian,Literature,Male,1935,"Calahorra, Rioja Baja, La Rioja, Spain",8,Q193769,35,34451872,,1996,Quintilian,,,https://commons.wikimedia.org/wiki/File:Quintilian.jpg,"pedagogue, rhetorician, poet, lawyer, teacher, writer",pedagogue
Pierre-Marie Quitard,Literature,Male,1792,"Vabres-l'Abbaye, Aveyron, France",8,Q60213923,1792-10-01,68970607,,1882-12-14,Quitard,,,,"grammarian, playwright",grammarian
François Rabelais,Literature,Male,1494,"Seuilly, Indre-et-Loire, France",1,Q131018,1494,1.73E+08,,1553-04-09,Rabelais,Francis,,https://commons.wikimedia.org/wiki/File:Francois_Rabelais_-_Portrait.jpg,"writer, physician writer, monk, novelist, humorist",writer
"Roger de Rabutin, Comte de Bussy",Literature,Male,1618,"Epiry, Nièvre, France",8,Q733246,1618-04-13,44310327,,1693-04-09,Rabutin,Bussy,de,https://commons.wikimedia.org/wiki/File:Roger_de_Bussy-Rabutin_en_armure_de_lieutenant-général_du_roi_(bgw17_0152).jpg,"writer, military personnel, courtier, philosopher",writer
Jean Racine,Literature,Male,1639,"La Ferté-Milon, Aisne, France",7,Q742,1639-12-01,88809641,,1699-04-21,Racine,,,https://commons.wikimedia.org/wiki/File:Jean_racine.jpg,"playwright, poet, translator, librettist, historian, writer",playwright
Ann Radcliffe,Literature,Female,1764,"London, England, United Kingdom",9,Q231944,1764-07-09,64010774,22974,1823-02-07,Radcliffe,Ann,,https://commons.wikimedia.org/wiki/File:Ann_Radcliffe.jpg,"novelist, writer",novelist
Walter Raleigh,"Military, Politics, and Law",Male,1554,"Devon, England, United Kingdom",1,Q189144,1554,1.08E+08,23039,1618-10-29,Raleigh,Sir Walter,,https://commons.wikimedia.org/wiki/File:Sir_Walter_Ralegh_by_'H'_monogrammist.jpg,"explorer, poet, writer, knight, politician, spy",explorer
Allan Ramsay,Literature,Male,1684,"Leadhills, South Lanarkshire, Scotland, United Kingdom",8,Q654775,1686-10-15,77108557,23072,1758-01-07,Ramsay,Allan,,https://commons.wikimedia.org/wiki/File:Allan-Ramsay.jpg,"poet, librarian, librettist, writer",poet
Henry S. Randall,"Military, Politics, and Law",Male,1811,United States,8,Q5727899,1811-05-03,79393382,,1876-08-14,Randall,H,S,,politician,politician
James Ryder Randall,Literature,Male,1839,"Baltimore, Maryland, United States",10,Q1681060,1839,34046533,,1908-01-15,Randall,James,R,https://commons.wikimedia.org/wiki/File:James_Ryder_Randall_cph.3a02109.jpg,"journalist, poet, writer",journalist
John Randolph of Roanoke,"Military, Politics, and Law",Male,1773,"Hopewell, Virginia, United States",1,Q2341317,1773-06-02,20476605,,1833-05-24,Randolph,John,,https://commons.wikimedia.org/wiki/File:John_Wesley_Jarvis_-_John_Randolph_-_Google_Art_Project.jpg,"politician, diplomat, writer",politician
Edwin Ransford,Arts,Male,1805,"Marsh, Gloucestershire, England, UK",8,Q5346770,1805-03-13,24550189,23136,1876-11-22,Ransford,Edwin,,https://commons.wikimedia.org/wiki/File:Edwin_Ransford.jpg,"opera singer, songwriter",opera singer
Thomas Ravenscroft,Arts,Male,1588,"Cheshire, England, United Kingdom",7,Q634595,1588,22328490,23172,1635,Ravenscroft,Thomas,,,"composer, musicologist, music theorist",composer
William Ray,"Military, Politics, and Law",Male,1876,"United Kingdom,",7,Q8017401,1876-02-07,,,1937-09-30,Ray,William,,,politician,politician
Thomas Buchanan Read,Arts,Male,1822,"Downingtown, Chester County, Pennsylvania",10,Q3524954,1822-03-12,59453485,,1872-05-11,Read,Thomas,B,https://commons.wikimedia.org/wiki/File:Thomas_Buchanan_Reed_-_Thomas_Buchanan_Reed_-_Self_Portrait_-_Google_Art_Project.jpg,"painter, poet, sculptor, writer",painter
Richard Realf,Literature,Male,1832,"Framfield, United Kingdom",10,Q7328623,1832-06-14,48511705,,1878-10-28,Reale,Richard,,https://commons.wikimedia.org/wiki/File:Richard_Realf_cph.3a02520.jpg,"poet, writer",poet
William Barnes Rhodes,Literature,Male,1772,"Leeds, West Yorkshire, England, United Kingdom",7,Q8005088,1772,49581416,23455,1826,Rhodes,William,B,,writer,writer
DNE,,,,,8,,,,,,Richards,Amelia,B,,,
James Whitcomb Riley,Literature,Male,1849,"Greenfield, Indiana, United States",10,Q770177,1849-10-07,77111882,,1916-07-22,Riley,James,W,"https://commons.wikimedia.org/wiki/File:James_Whitcomb_Riley,_1913.jpg","poet, writer",poet
Mary Robinson,Literature,Female,1758,"Bristol, South West England, United Kingdom",8,Q532255,1758-11-27,9888105,23857,1800-12-26,Robinson,Mary,,https://commons.wikimedia.org/wiki/File:Gainsborough_Mary-Robinson.jpg,"poet, novelist, writer, actor, royal mistress",poet
Edwin Arlington Robinson,Literature,Male,1869,"Maine, United States",10,Q1294394,1869-12-22,64021896,,1935-04-06,Robinson,Edwin,A,https://commons.wikimedia.org/wiki/File:Edwin_Arlington_Robinson.jpg,"poet, writer",poet
James Jeffrey Roche,Literature,Male,1847,"Mountmellick, Leinster, Ireland",10,Q6136830,1847-05-31,75183894,,1908-04-03,Roche,James,J,https://commons.wikimedia.org/wiki/File:James_Jeffrey_Roche_001_(cropped).jpg,"journalist, diplomat, poet, writer",journalist
Samuel Rogers,Literature,Male,1763,"Stoke Newington, London, England, United Kingdom",1,Q3471218,1763-07-30,34584260,23997,1855-12-18,Rogers,Samuel,,https://commons.wikimedia.org/wiki/File:Samuel_Rogers.jpg,"writer, poet, banker",writer
Manon Roland,Society,Female,1754,"Paris, France",3,Q236554,1754-03-17,14798357,,1793-11-08,Roland,Madame,,https://commons.wikimedia.org/wiki/File:Madame_Roland_-_musée_Lambinet.jpg,"writer, politician",writer
Theodore Roosevelt,"Military, Politics, and Law",Male,1858,"New York City, New York, United States",10,Q33866,1858-10-27,44346731,,1919-01-06,Roosevelt,Theodore,,https://commons.wikimedia.org/wiki/File:Theodore_Roosevelt_by_the_Pach_Bros.jpg,"explorer, historian, essayist, writer, politician, autobiographer, rancher, naturalist, statesperson, conservationist, ornithologist, diarist",explorer
Christina Rossetti,Literature,Female,1830,"London, England, United Kingdom",10,Q236596,1830-12-05,44318353,24139,1894-12-29,Rossetti,Christina,G,https://commons.wikimedia.org/wiki/File:Christina_Rossetti_4.jpg,"poet, writer, hymnwriter",poet
Dante Gabriel Rossetti,Literature,Male,1828,"London, England, United Kingdom",10,Q186748,1828-05-12,41848725,24140,1882-04-09,Rossetti,Dante,G,https://commons.wikimedia.org/wiki/File:Dante_Gabriel_Rossetti_by_George_Frederic_Watts.jpg,"poet, illustrator, painter, translator, writer",poet
Edmond Rostand,Literature,Male,1868,"Marseille, Bouches-du-Rhône, France",10,Q202749,1868-04-01,7396516,,1918-12-02,Rostand,Edmond,,https://commons.wikimedia.org/wiki/File:Edmond_Rostand.jpg,"playwright, writer, poet, essayist",playwright
Jean-Jacques Rousseau,Literature,Male,1712,"Geneva, Switzerland",8,Q6527,1712-06-28,1.00E+08,,1778-07-02,Rousseau,Jean,J,https://commons.wikimedia.org/wiki/File:Jean-Jacques_Rousseau_(painted_portrait).jpg,"philosopher, botanist, composer, choreographer, writer, musicologist, literary, novelist, autobiographer, music theorist, pedagogue, naturalist, playwright, encyclopédistes, correspondent, political scientist, essayist, music critic",philosopher
Nicholas Rowe,Literature,Male,1674,"Little Barford, United Kingdom",1,Q1382306,1674-06-20,19751395,24203,1718-12-06,Rowe,Nicholas,,https://commons.wikimedia.org/wiki/File:Nicholas_Rowe_from_NPG.jpg,"playwright, poet, writer, literary historian, poet lawyer",playwright
Mathew Roydon,Literature,Male,1583,"United Kingdom,",7,Q6787038,1583,2.89E+08,24238,1622,Roydon,Mathew,,,poet,poet
Richard Rumbold,"Military, Politics, and Law",Male,1622,"United Kingdom,",4,Q7328781,1622,55559974,24269,1685,Rumbold,Richard,,,soldier,soldier
John Ruskin,Literature,Male,1819,"London, England, United Kingdom",10,Q179126,1819-02-08,73859585,24291,1900-01-21,Ruskin,John,,https://commons.wikimedia.org/wiki/File:John_Ruskin_1863.jpg,"writer, art critic, art historian, philosopher, painter, sociologist, university teacher, poet, literary critic, architect, journalist, aesthetician, daguerreotypist",writer
George William Russell,Literature,Male,1867,"Lurgan, County Armagh, Ireland",10,Q366070,1867-04-10,16971,35880,1935-07-17,Russell,George,W,https://commons.wikimedia.org/wiki/File:George_William_Russell_-_Project_Gutenberg_eText_19028.jpg,"poet, painter, writer, journalist, screenwriter",poet
William Huntington Russell,Industry and Finance,Male,1809,"Middletown, Connecticut, United States",9,Q1930248,1809-08-12,76221479,,1885-05-19,Russell,W,S,https://commons.wikimedia.org/wiki/File:William_Huntington_Russell_Yale_class_of_1833.jpg,"businessperson, politician",businessperson
Richard Ryan,Literature,Male,1797,"London, England, United Kingdom",10,Q7328797,1797-04-18,52039176,24390,1849-10-20,Ryan,Richard,,,"biographer, poet",biographer
Sallust,History and Philosophy,Male,-86,"Amiternum, ancient city",7,Q7170,-86-10-01,1.04E+08,,-34,Sallust,,,https://commons.wikimedia.org/wiki/File:Salluste_(cropped).jpg,"Ancient Roman historian, writer, poet, Ancient Roman politician, Ancient Roman military personnel",Ancient Roman historian
Narcisse-Achille de Salvandy,"Military, Politics, and Law",Male,1795,"Condom, Gers, France",8,Q1381121,1795-06-11,39510411,,1856-12-15,Salvandy,Comte de,,https://commons.wikimedia.org/wiki/File:Paul_Delaroche_-_Le_comte_Narcisse-Achille_de_Salvandy_(1846).JPG,"politician, diplomat",politician
Edwin Sandys,"Military, Politics, and Law",Male,1561,"Worcestershire, England, United Kingdom",8,Q5346806,1561-12-09,51973268,24650,1629-10-01,Sandys,Sir Edwin,,https://commons.wikimedia.org/wiki/File:Edwin_Sandys_(1561-1629).jpg,"politician, treasurer",politician
Margaret Elizabeth Sangster,Literature,Female,1838,"New Rochelle, New York, United States",10,Q6759381,1838-02-22,30828631,,1912,Sangster,Margaret,E,https://commons.wikimedia.org/wiki/File:MARGARET_ELIZABETH_SANGSTER_A_woman_of_the_century_(page_642_crop).jpg,"novelist, poet, writer, journalist, autobiographer, editor",novelist
Epes Sargent,Literature,Male,1813,"Gloucester, Massachusetts, United States",8,Q4408564,1813-09-24,1.07E+08,,1880-12-30,Sargent,Epes,,https://commons.wikimedia.org/wiki/File:Epes_Sargent_frontispiece.png,"writer, journalist, poet",writer
Richard Savage,Literature,Male,1697,"London, England, United Kingdom",1,Q522436,1697-01-16,78771905,24724,1743-08-01,Savage,Richard,,,"poet, satirist, writer, playwright",poet
John Godfrey Saxe,Literature,Male,1816," Highgate, Vermont, United States",10,Q3181603,1816-06-02,8565285,,1887-03-31,Saxe,John,G,https://commons.wikimedia.org/wiki/File:John_Godfrey_Saxe_at_32.jpg,"poet, politician, writer",poet
Paul Scarron,Literature,Male,1610,"Paris, France",7,Q551725,1610-07-04,9853373,,1660-10-06,Scarron,,,https://commons.wikimedia.org/wiki/File:Paul_Scarron_2.jpg,"writer, poet, playwright, novelist",writer
Friedrich Wilhelm Joseph Schelling,History and Philosophy,Male,1775,"Leonberg, Baden-Wuerttemberg, Germany",7,Q60070,1775-01-27,88933257,,1854-08-20,Schelling,,,"https://commons.wikimedia.org/wiki/File:Friedrich_Wilhelm_Joseph_Schelling,_1848_daguerreotype_-_cropped.jpg","philosopher, university teacher, writer",philosopher
Bartolomeo Schedoni,Arts,Male,1578,"Modena, Italy",8,Q629419,1578-01-23,27335833,,1615-12-23,Schidoni,,,,painter,painter
Friedrich Schiller,Literature,Male,1759,"Marbach am Neckar, Germany",3,Q22670,1759-11-10,96994450,,1805-05-09,Schiller,,,https://commons.wikimedia.org/wiki/File:Friedrich_Schiller_by_Ludovike_Simanowiz.jpg,"poet, philosopher, historian, librarian, physician writer, playwright, novelist, university teacher, translator, journalist, writer, physician, military physician, aesthetician",poet
Friedrich Wilhelm Schneidewin,History and Philosophy,Male,1810,"Helmstedt, Germany",7,Q70043,1810-06-06,37677603,,1856-01-11,Schneidewin,Friedrich, Wilhelm ,https://commons.wikimedia.org/wiki/File:Friedrich_Wilhelm_Schneidewin_(cropped).jpg,"classical philologist, university teacher, classical scholar",classical philologist
Walter Scott,Literature,Male,1771,"Edinburgh, Scotland, United Kingdom",1,Q79025,1771-08-15,95207079,24928,1832-09-21,Scott,Sir Walter,,https://commons.wikimedia.org/wiki/File:Sir_Henry_Raeburn_-_Portrait_of_Sir_Walter_Scott.jpg,"poet, playwright, linguist, translator, novelist, musicologist, biographer, writer, judge, poet lawyer, lawyer, historian, literary critic",poet
Winfield Scott,"Military, Politics, and Law",Male,1786,"Dinwiddie County, Virginia, United States",9,Q354759,1786-06-13,54990551,,1866-05-29,Scott,Winfield,,"https://commons.wikimedia.org/wiki/File:Winfield_Scott_by_Fredricks,_1862_crop.jpg","military officer, politician",military officer
Owen Seaman,Literature,Male,1861,"Shrewsbury, Shropshire, England",10,Q7114626,1861-09-18,13085401,36000,1936-02-02,Seaman,Owen,,https://commons.wikimedia.org/wiki/File:Owen_Seaman.jpg,"author, journalist, editor",author
Edmund Sears,"Military, Politics, and Law",Male,1810,"Sandisfield, Berkshire County, Massachusetts, United States",8,Q5339812,1810-04-06,58238085,,1876-01-14,Sears,Edmund,H,https://commons.wikimedia.org/wiki/File:Edmund_H_Sears.jpg,"writer, clergyman",writer
Horace François Bastien Sébastiani de La Porta,"Military, Politics, and Law",Male,1772,"Bastia, Haute-Corse, France",7,Q115849,1772-11-17,25380526,,1851-07-20,Sebastiani,General,,https://commons.wikimedia.org/wiki/File:Dabos_-_Comte_Horace_Sebastiani_de_la_Porta.jpg,"politician, diplomat, military personnel",politician
Michel-Jean Sedaine,Literature,Male,1719,"Paris, France",9,Q367243,1719-06-02,73863522,,1797-05-17,Sedaine,Michel,J,https://commons.wikimedia.org/wiki/File:Portrait_de_Michel-Jean_Sedaine_par_Jacques-Louis_David.jpg,"playwright, writer, librettist, poet, stonemason",playwright
"Sir Charles Sedley, 5th Baronet",Literature,Male,1639,"United Kingdom,",5,Q1066050,1639-03-05,19948995,25021,1701-08-20,Sedley,Sir Charles,,https://commons.wikimedia.org/wiki/File:SirCharlesSedley5thBt.jpg,"playwright, poet, writer, politician",playwright
John Selden,"Military, Politics, and Law",Male,1584,"Sussex, South East England",3,Q735697,1584-12-16,51728429,25052,1654-11-30,Selden,John,,https://commons.wikimedia.org/wiki/File:John_Selden_from_NPG_cleaned.jpg,"politician, writer, jurist",politician
DNE,,,,,7,,,,,,Selvaggi,,,,,
Seneca,Literature,Male,-4,"Córdoba, Andalusia, Spain",7,Q2054,-4,90637919,,1965-04-12,Seneca,,,https://commons.wikimedia.org/wiki/File:Duble_herma_of_Socrates_and_Seneca_Antikensammlung_Berlin_07.jpg,"playwright, poet, philosopher, aphorist, statesperson, politician, writer",playwright
Madame de Sévigné,Literature,Female,1626,"Paris, France",7,Q237103,1626-02-05,32002865,,1696-04-17,Sévigné,Madame de,,https://commons.wikimedia.org/wiki/File:Marquise_de_sevignee.jpg,"correspondent, writer, philosopher",correspondent
Jonathan M. Sewall,Literature,Male,1748,"Salem, Massachusetts, United States",1,Q6273778,1748,8846364,,1808-03-29,Sewall,Jonathan,M,,"poet, writer",poet
Harriet Winslow Sewall,Literature,Female,1819,"Portland, Maine, United States",8,Q5664383,1819-06-20,1.71E+08,,1889-12-20,Sewall,Harriet,W,https://commons.wikimedia.org/wiki/File:Harriet_Winslow_Sewall.jpg,"poet, writer, suffragette",poet
Thomas Seward,Literature,Male,1708,"United Kingdom,",7,Q7793878,1708,68804690,25136,1790-03-04,Seward,Thomas,,https://commons.wikimedia.org/wiki/File:Thomas_Seward.jpg,writer,writer
William H. Seward,"Military, Politics, and Law",Male,1801,"Florida, Orange County, New York, United States",5,Q297308,1801-05-16,42616145,,1872-10-10,Seward,William,H,"https://commons.wikimedia.org/wiki/File:William_Seward,_Secretary_of_State,_bw_photo_portrait_circa_1860-1865.jpg","politician, lawyer, diplomat, writer",politician
George Sewell,Society,Male,1687,"Widsor, England, UK",1,Q5544442,1687,54200956,25141,1726,Sewell,Dr. George,,,translator,translator
Shackerley Marmion,Literature,Male,1603,"Northamptonshire, England, United Kingdom",5,Q7460164,1603,44648236,18083,1639,Shakerly,Marmion,,,"playwright, poet",playwright
William Shakespeare,Literature,Male,1564,"Stratford-upon-Avon, Warwickshire, England",1,Q692,1564-04-23,96994048,25200,1616-04-23,Shakespeare,William,,https://commons.wikimedia.org/wiki/File:Shakespeare.jpg,playwright,playwright
William Sharp,Literature,Male,1855,"Paisley, Scotland",10,Q1575288,1855-09-12,27144257,36041,1905-12-12,Sharp,William,,https://commons.wikimedia.org/wiki/File:William_Sharp_(writer)_-_Project_Gutenberg_eText_19028.jpg,"writer, poet, biographer",writer
George Bernard Shaw,Literature,Male,1856,"Dublin, Ireland",10,Q19185,1856-07-26,89019752,36047,1950-11-02,Shaw,George,Bernard,https://commons.wikimedia.org/wiki/File:George_bernard_shaw.jpg,playwright,playwright
Henry Sheres,"Military, Politics, and Law",Male,1641,"United Kingdom,",3,Q18813218,1641,15122558,25291,1710,Sheers,Sir Henry,,,"engineer, author",engineer
"John Sheffield, 1st Duke of Buckingham and Normanby","Military, Politics, and Law",Male,1648,"London, England, United Kingdom",1,Q2736244,1648-04-07,7818454,25297,1721-02-24,Sheffield,Duke of Buckinghamshire,,https://commons.wikimedia.org/wiki/File:JohnSheffield.jpg,"statesperson, politician, writer, poet",statesperson
Percy Bysshe Shelley,Literature,Male,1792,"Horsham, West Sussex, England",4,Q93343,1792-08-04,95159449,25312,1822-07-08,Shelley,Percy,B,https://commons.wikimedia.org/wiki/File:Percy_Bysshe_Shelley_by_Alfred_Clint.jpg,"linguist, poet, translator, playwright, novelist, writer, librettist",linguist
William Shenstone,Literature,Male,1714,"Halesowen, Dudley, England",1,Q329141,1714-11-18,41890027,25321,1763-02-11,Shenstone,William,,https://commons.wikimedia.org/wiki/File:William_Shenstone_by_Edward_Alcock.jpg,"horticulturist, poet, gardener, writer",horticulturist
"Helen Blackwood, Baroness Dufferin and Claneboye",Literature,Female,1807,"England, United Kingdom",10,Q5701894,1807-01-18,1.01E+08,25366,1867-06-13,Sheridan,Helen,S,https://commons.wikimedia.org/wiki/File:Helen_Blackwood00.jpg,"composer, poet, writer",composer
Richard Brinsley Sheridan,Literature,Male,1751,"Dublin, Ireland",1,Q352725,1751-10-30,9922178,25367,1816-07-07,Sheridan,Richard,Brinsley,https://commons.wikimedia.org/wiki/File:Richard_Sheridan.jpg,"poet, politician, librettist, dramaturge, playwright, writer",poet
William Tecumseh Sherman,"Military, Politics, and Law",Male,1820,"Ohio, United States",9,Q188936,1820-02-08,46828814,,1891-02-14,Sherman,William,T,https://commons.wikimedia.org/wiki/File:William_tecumseh_sherman.jpg,"military officer, lawyer, banker, writer",military officer
James Shirley,Literature,Male,1596,"London, England, United Kingdom",1,Q1349914,1596-09-01,22157363,25427,1666-10-01,Shirley,James,,https://commons.wikimedia.org/wiki/File:James_Shirley.jpg,"playwright, writer, poet",playwright
Joseph Henry Shorthouse,Literature,Male,1834,"Birmingham, England, United Kingdom",10,Q6283945,1834-09-09,74891621,36077,1903-03-04,Shorthouse,Joseph,H,https://commons.wikimedia.org/wiki/File:J_H_Shorthouse.jpg,writer,writer
Philip Sidney,"Military, Politics, and Law",Male,1554,"Kent, England, United Kingdom",1,Q315509,1554-11-30,71397821,25522,1586-10-17,Sidney,Sir Philip,,https://commons.wikimedia.org/wiki/File:Sir_Philip_Sidney_from_NPG.jpg,"poet, diplomat, novelist, military personnel, politician, writer",poet
Algernon Sidney,"Military, Politics, and Law",Male,1623,"Baynard's Castle, London, England, United Kingdom",8,Q1034181,1623-01-15,71455359,25519,1683-12-07,Sidney,Algernon,,https://commons.wikimedia.org/wiki/File:AlgernonSydneyColour.jpg,"diplomat, politician, writer",diplomat
George Robert Sims,Literature,Male,1847,"London Borough of Lambeth, London, England, United Kingdom",10,Q531150,1847-09-02,3811161,37964,1922-09-04,Sims,George,R,https://commons.wikimedia.org/wiki/File:George_Robert_Sims_c1890cr.jpg,"journalist, writer, poet, novelist, playwright, humorist, crime fiction writer",journalist
Jean Sirmond,Literature,Male,1589,"Riom, Puy-de-Dôme, France",8,Q1219274,1589,7438501,,1649,Sirmond,John,,https://commons.wikimedia.org/wiki/File:Жан_Сирмон.PNG,"poet, historian",poet
Jean Charles Léonard de Sismondi,Industry and Finance,Male,1773,"Geneva, Switzerland",8,Q124073,1773-05-09,95159682,57224,1842-06-25,Sismondi,,,https://commons.wikimedia.org/wiki/File:Jean_Charles_Simonde_de_Sismondi_(1773-1842).png,"historian, economist, writer, botanist",historian
John Skelton,Literature,Male,1460,"England, United Kingdom",9,Q638589,1460,29549101,25661,1529-06-21,Skelton,John,,https://commons.wikimedia.org/wiki/File:John_Skelton.jpg,"poet, writer",poet
Christopher Smart,Literature,Male,1722,"Shipbourne, United Kingdom",5,Q2617795,1722-04-11,51703197,25739,1771-05-21,Smart,Christopher,,https://commons.wikimedia.org/wiki/File:Christopher_Smart.jpg,"writer, stage actor, composer, hymnwriter, children's writer, editor",writer
Samuel Smiles,Literature,Male,1812,"Haddington, East Lothian, Scotland, United Kingdom",10,Q1195422,1812-12-23,84074173,36125,1904-04-16,Smiles,Samuel,,https://commons.wikimedia.org/wiki/File:Samuel_Smiles_by_Sir_George_Reid.jpg,"writer, journalist, biographer, philosopher",writer
Adam Smith,Industry and Finance,Male,1723,"Kirkcaldy, Fife, Scotland",5,Q9381,1723-06-16,49231791,25767,1790-07-17,Smith,Adam,,https://commons.wikimedia.org/wiki/File:AdamSmith.jpg,"economist, non-fiction writer, philosopher, writer, university teacher, French moralist, publisher",economist
Samuel Francis Smith,Literature,Male,1808,"Boston, Massachusetts, United States",7,Q7411414,1808-10-21,62479927,,1895-11-16,Smith,Samuel,F,"https://commons.wikimedia.org/wiki/File:Samuel_Francis_Smith_by_CD_Mosher,_1890.jpg","lyricist, songwriter, writer, journalist",lyricist
Sydney Smith,Literature,Male,1771,"Woodford, London, England, United Kingdom",7,Q6182166,1771-06-03,13103803,25903,1845-02-22,Smith,Sydney,,https://commons.wikimedia.org/wiki/File:Sydney_smith.jpg,"cleric, journalist, writer",cleric
James Smith,Literature,Male,1775,"Loose, Kent, England, UK",8,Q6146006,1775-02-10,32164295,25821,1839-12-24,Smith,James,,https://commons.wikimedia.org/wiki/File:James_Smith_by_James_Lonsdale.jpg,writer,writer
Arabella Eugenia Smith,Literature,Female,1844,"Bukovina, Austria-Hungary",10,Q55669007,1844,,,1916,Smith,Belle,E,,poet,poet
Edmund Smith,Literature,Male,1672,"United Kingdom,",7,Q5339833,1672,14851581,25792,1710,Smith,Edmund,,,"writer, lyricist",writer
Alexander Smith,Literature,Male,1830,"Kilmarnock, East Ayrshire, Scotland",5,Q3610799,1830-12-31,14786280,25771,1867-01-05,Smith,Alexander,,"https://commons.wikimedia.org/wiki/File:James_Archer_-_Alexander_Smith,_1830_-_1867._Poet_and_writer_-_PG_2453_-_National_Galleries_of_Scotland.jpg","poet, writer",poet
Horace Smith,Literature,Male,1779,"London, England, United Kingdom",8,Q3140473,1779-12-31,2.07E+08,25815,1849-07-12,Smith,Horace,,https://commons.wikimedia.org/wiki/File:Horatio_Smith.jpg,"poet, writer",poet
Seba Smith,Literature,Male,1792," Buckfield, Maine, United States",9,Q3007988,1792-09-14,35697328,,1868-07-28,Smith,Seba,,https://commons.wikimedia.org/wiki/File:Seba_Smith_oakes-smith_org.jpg,"writer, humorist, editor, journalist",writer
John Smith,Literature,Male,1580,"Willoughby, Lincolnshire, United Kingdom",6,Q228024,1580,4952029,25835,1631-06-21,Smith,Captain John,,https://commons.wikimedia.org/wiki/File:Captain_John_Smith_gravure_new.jpg,"explorer, military personnel, writer, autobiographer",explorer
Tobias Smollett,Literature,Male,1721,"Cardross, Argyll and Bute, Scotland",1,Q356283,1721-03-19,68935985,25947,1771-09-17,Smollett,Tobias,,https://commons.wikimedia.org/wiki/File:Tobias_Smollett_c_1770.jpg,"physician writer, historian, novelist, journalist, surgeon, translator, poet, writer",physician writer
William Smyth,Religion,Male,1460,"Farnworth, Cheshire, United Kingdom",7,Q3710010,1460,,25920,1514-01-02,Smyth,William,,https://commons.wikimedia.org/wiki/File:Bishop_William_Smyth.jpg,"Catholic priest, Catholic bishop",Catholic priest
William Somervile,Literature,Male,1675,"Warwickshire, England, United Kingdom",8,Q4428668,1675-09-02,77382678,26026,1742-07-19,Somerville,William,,https://commons.wikimedia.org/wiki/File:WilliamSomerville.jpg,poet,poet
Sophocles,Literature,Male,-497,"Colonus, ancient Athenian deme",7,Q7235,-497,1.02E+08,,-406,Sophocles,,,https://commons.wikimedia.org/wiki/File:Ny_Carlsberg_Glyptothek_-_Sophokles.jpg,"tragedy writer, playwright, writer",tragedy writer
Robert South,Religion,Male,1634,"Hackney Middlesex, England, UK",7,Q7349926,1634-09-04,1.21E+08,26048,1716-07-08,South,Robert,,https://commons.wikimedia.org/wiki/File:Robert_South_D.D._portrait.jpg,"theologian, writer",theologian
Thomas Southerne,Literature,Male,1660,"Oxmantown, Dublin, Ireland",1,Q2403714,1660,64038088,26053,1746-05-26,Southerne,Thomas,,https://commons.wikimedia.org/wiki/File:READ(1879)_p1.221_THOMAS_SOUTHERNE.jpg,"playwright, writer",playwright
Robert Southey,Literature,Male,1774,"Bristol, South West England, United Kingdom",1,Q216838,1774-08-12,61576896,26056,1843-03-21,Southey,Robert,,https://commons.wikimedia.org/wiki/File:Robert_Southey_-_Project_Gutenberg_eText_13619.jpg,"writer, poet, historian, biographer, politician, translator",writer
Robert Southwell,Religion,Male,1561,"Norfolk, East Anglia, England",7,Q1380904,1561,55046,26064,1595-02-21,Southwell,Robert,,https://commons.wikimedia.org/wiki/File:Robert_Southwell.JPG,"writer, poet, Latin Catholic priest",writer
William Robert Spencer,Literature,Male,1770,"London, England, United Kingdom",1,Q8018648,1770-01-09,69284847,26140,1834-10-22,Spencer,William,R,https://commons.wikimedia.org/wiki/File:William_Spencer.jpg,"poet, writer",poet
Herbert Spencer,History and Philosophy,Male,1820,"Derby, Derbyshire, England",9,Q144535,1820-04-27,27074806,36208,1903-12-08,Spencer,Herbert,G,https://commons.wikimedia.org/wiki/File:Herbert_Spencer.jpg,"philosopher, economist, anthropologist, psychologist, journalist, sociologist, writer, botanist, biologist",philosopher
Edmund Spenser,Literature,Male,1552,"London, England, United Kingdom",1,Q4352055,1552,1.00E+08,26145,1599-01-13,Spenser,Edmund,,https://commons.wikimedia.org/wiki/File:Edmund_Spenser_oil_painting.JPG,"poet, translator, writer",poet
Harriet Elizabeth Prescott Spofford,Literature,Female,1835,"Calais, Maine, United States",10,Q13563197,1835-04-03,18066976,,1921-08-14,Spofford,Harriet,P,https://commons.wikimedia.org/wiki/File:Harriet-P-Spofford.jpg,"novelist, poet, short story writer, writer, author",novelist
Charles Sprague,Literature,Male,1791,"Boston, Massachusetts, United States",1,Q5082601,1791-10-26,48236007,,1875-01-22,Sprague,Charles,,"https://commons.wikimedia.org/wiki/File:Charles_Sprague_daguerreotype_by_Southworth_&_Hawes,_c1850.jpg","poet, businessperson, writer",poet
Augustine of Hippo,Religion,Male,354,Thagaste (ancient city),6,Q8018,0354-11-13,66806872,,0430-08-28,St Augustine,,,https://commons.wikimedia.org/wiki/File:Augustine_Lateran.jpg,"philosopher, theologian, autobiographer, music theorist, preacher, historian, poet, presbyter, writer, Catholic priest, titular bishop, Catholic bishop",philosopher
Germaine de Staël,Literature,Female,1766,"Paris, France",7,Q123041,1766-04-22,89204033,57371,1817-07-14,Staël,Madame,de,https://commons.wikimedia.org/wiki/File:Marie_Eléonore_Godefroid_-_Portrait_of_Mme_de_Staël.jpg,"writer, salonnière, diarist, literary critic, politician, correspondent, philosopher",writer
Edmund Clarence Stedman,Literature,Male,1833,"Hartford, Connecticut, United States",10,Q3719466,1833-10-08,74024682,,1908-01-18,Stedman,Edmund,C,https://commons.wikimedia.org/wiki/File:Edmund_Clarence_Stedman_cph.3a44372.jpg,"poet, literary critic, banker, writer",poet
Richard Steele,Literature,Male,1672,"Dublin, Ireland",3,Q333148,1672-03-12,22167754,26347,1729-09-01,Steele,Sir Richard,,https://commons.wikimedia.org/wiki/File:Sir_Richard_Steele_by_Jonathan_Richardson.jpg,"playwright, politician, journalist, writer",playwright
Miss Fanny Steers,Literature,Female,1797,"United Kingdom,",1,Q104234927,1797,,,1861,Steers,Miss Fanny,,,"songwriter, writer, watercolorist",songwriter
James Kenneth Stephen,Literature,Male,1859,"United Kingdom,",10,Q3365829,1859-02-25,58065116,26376,1892-02-03,Stephen,J,K,https://commons.wikimedia.org/wiki/File:JK_Stephen.jpg,"poet, barrister",poet
Laurence Sterne,Literature,Male,1713,"Clonmel, County Tipperary, Ireland",1,Q218960,1713-11-24,61552699,26412,1768-03-18,Sterne,Laurence,,https://commons.wikimedia.org/wiki/File:Laurence_Sterne_by_Sir_Joshua_Reynolds.jpg,"writer, novelist, autobiographer, religious figure",writer
Thomas Sternhold,Literature,Male,1500,"Gloucestershire, England, United Kingdom",8,Q2427466,1500,51820137,26414,1549,Sternhold,Thomas,,,"writer, politician, poet, translator",writer
George Alex Stevens,Arts,Male,1875,"United Kingdom,",7,Q5536142,1875,2.95E+08,,1954,Stevens,George,A,,songwriter,songwriter
Ezra Stiles,Religion,Male,1727,"North Haven, Connecticut, United States",7,Q547352,1727-12-10,24971966,68751,1795-05-12,Stiles,Ezra,,"https://commons.wikimedia.org/wiki/File:Samuel_King_-_Ezra_Stiles_(1727_-1795),_B.A._1746,_M.A._1749_-_1955.3.1_-_Yale_University_Art_Gallery.jpg","translator, theologian, Christian minister",translator
John Still,Religion,Male,1544,"Grantham, Lincolnshire, England, United Kingdom",2,Q6259210,1544,73991812,26524,1608,Still,Bishop John,,"https://commons.wikimedia.org/wiki/File:Portrait_of_John_Still,_Bishop_of_Bath_and_Wells_(dated_1760–1809)_by_Sylvester_Harding.jpg",priest,priest
Richard Henry Stoddard,Literature,Male,1825,"Hingham, Massachusetts, United States",10,Q7326411,1825-07-02,,,1903-05-12,Stoddard,Richard,H,https://commons.wikimedia.org/wiki/File:RHStoddard.jpg,"writer, poet",writer
Joseph Story,"Military, Politics, and Law",Male,1779,"Marblehead, Essex County, Massachusetts, United States",3,Q1368374,1779-09-18,66531142,,1845-09-10,Story,Joseph,,"https://commons.wikimedia.org/wiki/File:Daguerreotype_of_Joseph_Story,_1844_(edit).jpg","politician, judge, university teacher, lawyer, writer, jurist",politician
William Wetmore Story,Literature,Male,1819,"Salem, Scotland, United Kingdom",10,Q1335728,1819-02-12,29690318,,1895-10-07,Story,William,W,https://commons.wikimedia.org/wiki/File:William_Wetmore_Story_-_Brady-Handy.jpg,"sculptor, poet, editor, journalist, writer, translator",sculptor
William Stoughton,"Military, Politics, and Law",Male,1501,Massachusetts Bay Colony,8,Q8018882,1501,,,1601,Stoughton,William,,,politician,politician
Harriet Beecher Stowe,Literature,Female,1811,"Niort, Deux-Sèvres, France",10,Q102513,1811-06-14,32003151,,1896-07-01,Stowe,Harriet,B,https://commons.wikimedia.org/wiki/File:Beecher-Stowe.jpg,"novelist, poet, children's writer, short story writer, writer, abolitionist",novelist
"William Scott, 1st Baron Stowell","Military, Politics, and Law",Male,1745,"Heworth, Tyne and Wear, United Kingdom",5,Q6191717,1745-10-17,35928023,24935,1836-01-28,Stowell,Lord,,"https://commons.wikimedia.org/wiki/File:William_Scott,_1st_Baron_Stowell_(1745-1836),_by_William_Owen_(1769-1825).jpg","judge, politician",judge
John Suckling,Literature,Male,1609,"London, England, United Kingdom",1,Q2339246,1609-02-10,1.01E+08,26757,1642-06-01,Suckling,Sir John,,https://commons.wikimedia.org/wiki/File:Sir_John_Suckling_by_Sir_Anthony_Van_Dyck.jpg,"poet, playwright, writer",poet
Suetonius,History and Philosophy,Male,70,Italy,8,Q10133,70,89599270,,126,Suetonius,,,https://commons.wikimedia.org/wiki/File:Suetonius_etching_(cropped).jpg,"writer, historian, secretary, biographer, poet, antiquarian",writer
Charles Sumner,"Military, Politics, and Law",Male,1811,"Boston, Massachusetts, United States",10,Q1066198,1811-01-06,22940901,,1874-03-11,Sumner,Charles,,https://commons.wikimedia.org/wiki/File:Charles_Sumner_1855_BPL-crop.jpg,"politician, writer, lawyer",politician
Bertha von Suttner,Literature,Female,1843,"Prague, Czech Republic",10,Q18456,1843-06-09,95160848,,1914-06-21,Suttner,Baroness,Von,https://commons.wikimedia.org/wiki/File:Bertha-von-Suttner-1906.jpg,"writer, novelist, translator, journalist, pacifist, science fiction writer, editor",writer
Jonathan Swift,Literature,Male,1667,"Dublin, Ireland",1,Q41166,1667-11-30,14777110,26833,1745-10-19,Swift,Jonathan,,https://commons.wikimedia.org/wiki/File:Jonathan_Swift_by_Charles_Jervas_detail.jpg,"poet, novelist, satirist, philosopher, human rights activist, pamphleteer, Anglican priest, writer, science fiction writer, essayist, opinion journalist, children's writer, prose writer, public figure, priest",poet
Algernon Charles Swinburne,Literature,Male,1837,"London, England, United Kingdom",10,Q315511,1837-04-05,41846937,36389,1909-04-10,Swinburne,Algernon,C,https://commons.wikimedia.org/wiki/File:Picture_of_Algernon_C._Swinburne.jpg,"poet, writer, literary critic",poet
Josuah Sylvester,Literature,Male,1563,"Kent, England, United Kingdom",1,Q14395605,1563,27174221,26873,1618-09-28,Sylvester,Joshua,,https://commons.wikimedia.org/wiki/File:Joshua_Sylvester.jpg,"linguist, poet, translator",linguist
John Addington Symonds,Literature,Male,1840,"Bristol, South West England, United Kingdom",10,Q538549,1840-10-05,39500310,26888,1893-04-19,Symonds,John,A,"https://commons.wikimedia.org/wiki/File:Symonds,_John_Addington.jpg","poet, art historian, writer, literary critic, author, historian, translator",poet
John B. Tabb,Literature,Male,1845,"Amelia County, Virginia, United States",10,Q6220138,1845-03-22,77754730,,1909-11-19,Tabb,John,B,https://commons.wikimedia.org/wiki/File:John_Banister_Tabb.png,"teacher, poet, writer",teacher
Tacitus,"Military, Politics, and Law",Male,54,"Gallia Narbonensis, Roman province",7,Q2161,54,1.00E+08,48305,120,Tacitus,,,"https://commons.wikimedia.org/wiki/File:Tacitus,_Cornelius_(50_-_116).jpg","historian, politician, military personnel, poet, philosopher, biographer, annalist, jurist, writer",historian
Thomas Talfourd,Literature,Male,1795,"Reading, Berkshire, England",6,Q2426332,1795-05-26,61904095,26951,1854-03-13,Tadfourd,Thomas,Noon,https://commons.wikimedia.org/wiki/File:Sir_Thomas_Noon_Talfourd_by_Henry_William_Pickersgill.jpg,"politician, judge, poet lawyer, writer",politician
Roger B. Taney,Literature,Male,1777,"Calvert County, Maryland, United States",9,Q359470,1777-03-17,35525883,,1864-10-12,Taney,Roger,B,https://commons.wikimedia.org/wiki/File:Portrait_of_Roger_Brooke_Taney.jpg,"judge, lawyer, politician",judge
Richard Tarlton,Arts,Male,1530,"Condover, Shropshire, England, UK",4,Q31241,1530,47112425,26971,1588-09-03,Tarlton,Richard,,https://commons.wikimedia.org/wiki/File:Richard_Tarlton_Pipe_Tabor_c1580s.png,"circus performer, stage actor, comedian",circus performer
Nahum Tate,Literature,Male,1652,"Dublin, Ireland",4,Q956310,1652,29545787,26986,1715-07-30,Tate,Nahum,,,"poet, writer, playwright, translator, librettist, hymnwriter",poet
Bayard Taylor,Literature,Male,1825,"Chester County, Pennsylvania, United States",9,Q812105,1825-01-11,17317198,,1878-12-19,Taylor,Bayard,,https://commons.wikimedia.org/wiki/File:Bayard_Taylor.jpg,"poet, diplomat, novelist, writer, literary critic, journalist, critic, translator, politician, explorer, lyricist",poet
Jeremy Taylor,Religion,Male,1613,"Cambridge, Cambridgeshire, England",7,Q669076,1613-08-15,29566831,27041,1667-08-13,Taylor,Jeremy,,https://commons.wikimedia.org/wiki/File:Jeremytaylor.jpg,"priest, theologian, writer",priest
Jane Taylor,Literature,Female,1783,"London, England, United Kingdom",8,Q4259798,1783-09-23,3253082,27039,1824-04-13,Taylor,Jane,,https://commons.wikimedia.org/wiki/File:The_Taylor_Family_(Martin_Taylor;_Ann_Taylor;_Jefferys_Taylor;_Isaac_Taylor;_Isaac_Taylor;_Jane_Taylor;_Ann_Taylor)_by_Isaac_Taylor.jpg,"poet, novelist, writer, children's writer",poet
Henry Taylor,Literature,Male,1800,"Bishop Middleham, United Kingdom",1,Q1607302,1800-10-18,64022130,27030,1886-03-27,Taylor,Henry,,"https://commons.wikimedia.org/wiki/File:Henry_Taylor_Philip_Van_Artevelde,_by_Julia_Margaret_Cameron.jpg",writer,writer
John Taylor,Literature,Male,1578,"Gloucester, Gloucestershire, United Kingdom",9,Q1029080,1578-08-24,8192736,27044,1653-12-01,Taylor,John,,https://commons.wikimedia.org/wiki/File:John_Taylor_poet.jpg,"writer, poet",writer
"Sir William Temple, 1st Baronet","Military, Politics, and Law",Male,1628,"London, England, United Kingdom",7,Q2248538,1628-04-25,1.20E+08,27122,1699-01-27,Temple,Sir William,,https://commons.wikimedia.org/wiki/File:Sir_Wm_Temple.jpg,"politician, diplomat, essayist",politician
Alfred Tennyson,Literature,Male,1809,"Somersby, Lincolnshire, England, United Kingdom",1,Q173869,1809-08-06,61540536,27137,1892-10-06,Tennyson,Alfred,,"https://commons.wikimedia.org/wiki/File:Alfred,_Lord_Tennyson_by_Julia_Margaret_Cameron.jpg","poet, politician, writer",poet
Terence,Literature,Male,-185,"Carthage, city in the Antiquity",7,Q172048,-185,2.13E+08,,-159,Terence,,,https://commons.wikimedia.org/wiki/File:Terence_cropped.png,"comedy writer, poet, writer, playwright",comedy writer
Tertullian,Religion,Male,155,"Roman Carthage, Ancient Rome",1,Q174929,160,1.00E+08,,220,Tertullian,,,https://commons.wikimedia.org/wiki/File:Tertullian.jpg,"writer, theologian, philosopher",writer
William Makepeace Thackeray,Literature,Male,1811,"Kolkata, Bengal, India",10,Q167768,1811-07-18,95208604,27155,1863-12-24,Thackeray,W,M,https://commons.wikimedia.org/wiki/File:William_Makepeace_Thackeray_by_Jesse_Harrison_Whitehurst-crop.jpg,"writer, novelist, prose writer",writer
Celia Thaxter,Literature,Female,1835,"Portsmouth,",10,Q3664258,1835-06-29,258306,,1894-08-25,Thaxter,Celia,,https://commons.wikimedia.org/wiki/File:Celia_Thaxter.jpg,"poet, writer",poet
William Roscoe Thayer,Literature,Male,1859,"Boston, Massachusetts, United States",10,Q8017754,1859-01-16,29905597,,1923,Thayer,William,R,https://commons.wikimedia.org/wiki/File:Wm._Roscoe_Thayer_LCCN2014699298.jpg,"historian, biographer, poet, writer",historian
Ernest Thayer,Literature,Male,1863,"Lawrence, Massachusetts, United States",10,Q288369,1863-08-14,43080212,,1940-08-21,Thayer,Ernest,L,https://commons.wikimedia.org/wiki/File:Ernest_Thayer.jpg,"poet, writer",poet
Lewis Theobald,Literature,Male,1688,"Sittingbourne, Kent, England",1,Q1822165,1688-04-02,2479987,27169,1744-09-18,Theobald,Louis,,,"literary historian, writer, poet, critic",literary historian
Theocritus,Literature,Male,-301,"ancient Syracuse, Italy",7,Q219484,-301,95161348,,-260,Theocritus,,,https://commons.wikimedia.org/wiki/File:Theocritus-greek-poet-born-in-syracuse.jpg,"poet, writer",poet
Theognis of Megara,Literature,Male,-570,"Megara, Greece",9,Q336115,-570,2.65E+08,,-485,Theognis,,,,"poet, epigrammatist, elegist, writer",poet
James Thomson,Literature,Male,1700,"Ednam, Scotland, Britain",10,Q555029,1700-09-11,14778969,27306,1748-08-27,Thomaon,James,,https://commons.wikimedia.org/wiki/File:James_Thomson_(Scottish_poet).jpg,"writer, poet",writer
Frederick William Thomas,Literature,Male,1806,"Providence, Rhode Island, United States",9,Q5499110,1806-10-25,9699484,,1866-08-27,Thomas,Frederick,W,"https://commons.wikimedia.org/wiki/File:Frederick_William_Thomas_(1806-1866),_c._1840.jpg",writer,writer
Maurice Thompson,Literature,Male,1844,"Indiana, United States",1,Q6793496,1844-09-09,5106439,,1901-02-15,Thompson,James,M,https://commons.wikimedia.org/wiki/File:Maurice_Thompson.jpg,"writer, novelist, lawyer, poet",writer
Francis Thompson,Literature,Male,1859,"Preston, Lancashire, England, United Kingdom",10,Q367745,1859-12-16,44421776,36489,1907-11-13,Thompson,Francis,,https://commons.wikimedia.org/wiki/File:Francis_Thompson_at_19.jpg,"poet, writer, literary critic",poet
Henry David Thoreau,Literature,Male,1817,"Wheeler-Minot Farmhouse, Concord, Massachusetts",10,Q131149,1817-07-12,68936476,,1862-05-06,Thoreau,Henry,D,https://commons.wikimedia.org/wiki/File:Benjamin_D._Maxham_-_Henry_David_Thoreau_-_Restored_-_greyscale_-_straightened.jpg,"poet, philosopher, essayist, autobiographer, diarist, translator, writer, abolitionist, naturalist, ecologist, environmentalist",poet
George Walter Thornbury,Literature,Male,1828,"London, England, United Kingdom",10,Q5545857,1828-11-13,64370033,27341,1876-06-11,Thornbury,George,W,https://commons.wikimedia.org/wiki/File:George_Walter_Thornbury.jpg,"art historian, poet, journalist, novelist, writer",art historian
Rose Hartwick Thorpe,Literature,Female,1850,"Mishawaka, Indiana, United States",10,Q7367750,1850-07-18,71058975,,1939-07-19,Thorpe,Rose,H,"https://commons.wikimedia.org/wiki/File:Rose_Hartwick_Thorpe_from_American_Women,_1897.jpg","poet, writer",poet
Hester Thrale,Literature,Female,1741,"Caernarfonshire, Wales",1,Q291322,1741-01-27,24645296,22309,1821-05-02,Thrale,Mrs,,https://commons.wikimedia.org/wiki/File:Hester_Thrale_(cropped).jpg,"patron of the arts, salonnière, diarist, writer",patron of the arts
"Edward Thurlow, 1st Baron Thurlow","Military, Politics, and Law",Male,1731,"Bracon Ash, Norfolk, England, United Kingdom",5,Q44599,1731-12-09,48787202,27406,1806-09-12,Thurlow,Lord,,"https://commons.wikimedia.org/wiki/File:Edward_Thurlow,_Baron_Thurlow_by_Sir_Thomas_Lawrence.jpg","judge, lawyer, politician",judge
Tibullus,Literature,Male,-50,"Gabii, Italy",7,Q109598,-50,1.00E+08,,-19,Tibullus,,,https://commons.wikimedia.org/wiki/File:Tibullus.jpg,"poet, elegist",poet
Thomas Tickell,Literature,Male,1685,"Bridekirk, Cumbria, England",1,Q2427631,1685-12-17,2.26E+08,27432,1740-04-21,Tickell,Thomas,,https://commons.wikimedia.org/wiki/File:Thomas_Tickell_by_Sylvester_Harding.jpg,writer,writer
John Tillotson,Religion,Male,1630,"Sowerby, West Yorkshire, United Kingdom",5,Q676049,1630-10-10,29588767,27449,1694-11-22,Tillotson,John,,"https://commons.wikimedia.org/wiki/File:John_Tillotson_by_Sir_Godfrey_Kneller,_Bt.jpg","priest, writer",priest
Theodore Tilton,Literature,Male,1835,"New York, United States",10,Q7782071,1835-10-02,788790,,1907-05-29,Tilton,Theodore,,https://commons.wikimedia.org/wiki/File:Theodore_Tilton_c1870.jpg,"journalist, editor, poet, writer",journalist
John Tobin,Literature,Male,1770,"Salisbury, Wiltshire, England, United Kingdom",5,Q15515137,1770-01-28,39726414,27485,1804-12-07,Tobin,John,,,playwright,playwright
Leo Tolstoy,Literature,Male,1828,"Yasnaya Polyana, Tula, Russia",10,Q7243,1828-08-28,96987389,,1910-11-07,Tolstoi,Count,,https://commons.wikimedia.org/wiki/File:L.N.Tolstoy_Prokudin-Gorsky.jpg,"writer, playwright, philosopher, novelist, pedagogue, essayist, children's writer, diarist, prose writer, opinion journalist, Esperantist",writer
Augustus Toplady,Literature,Male,1740,"Farnham, Surrey, England",8,Q712167,1740-11-04,60028923,27555,1778-08-11,Toplady,A,M,https://commons.wikimedia.org/wiki/File:AugustusMToplady.jpg,"cleric, poet, hymnwriter, writer",cleric
Cyril Tourneur,"Military, Politics, and Law",Male,1575,"Kinsale, County Cork, Ireland",3,Q1148705,1575,1.01E+08,27582,1626-02-28,Tourneur,Cyril,,,"diplomat, soldier, writer, playwright",diplomat
James Townley,Religion,Male,1714,"Barking, London, England, United Kingdom",4,Q6144371,1714-05-06,40582713,27606,1778-07-05,Townley,James,,https://commons.wikimedia.org/wiki/File:Portrait_of_James_Townley_(1714-1778).png,cleric,cleric
John Townsend Trowbridge,Literature,Male,1827,"Ogden, Monroe County, New York, United States of America",10,Q6261093,1827-09-18,71608936,,1916-02-12,Trowbridge,John,T,https://commons.wikimedia.org/wiki/File:John_Townsend_Trowbridge_at_age_45.jpg,writer,writer
John Trumbull,Arts,Male,1756,Lebanon,1,Q369263,1756-06-06,56862633,68303,1843-11-10,Trumbull,John,,https://commons.wikimedia.org/wiki/File:Self_Portrait_by_John_Trumbull_circa_1802.jpeg,"painter, architect",painter
Josiah Tucker,Industry and Finance,Male,1713,"Laugharne, Carmarthenshire, Wales",7,Q3186047,1713,,27790,1799-11-04,Tucker,Dean,,"https://commons.wikimedia.org/wiki/File:Josiah_Tucker,_Dean_of_Gloucester_02259.jpg",economist,economist
"Sir Samuel Tuke, 1st Baronet",Literature,Male,1615,"Essex, England, United Kingdom",1,Q3471250,1615,57914006,27807,1674,Tuke,Sir Samuel,,,"linguist, playwright, translator, military officer",linguist
Martin Farquhar Tupper,Literature,Male,1810,"Greater London, England, United Kingdom",7,Q1237247,1810-07-17,44385259,27822,1889-11-01,Tupper,Martin,F,https://commons.wikimedia.org/wiki/File:Martin_F._Tupper.jpg,"poet, writer, barrister",poet
Thomas Tusser,Literature,Male,1524,"Essex, England, United Kingdom",1,Q2427809,1524-10-19,27413121,27898,1580-05-03,Tusser,Thomas,,,"writer, poet",writer
Mark Twain,Literature,Male,1835,"Florida, Missouri, United States",10,Q7245,1835-11-30,50566653,,1910-04-21,Twain,Mark,,https://commons.wikimedia.org/wiki/File:MarkTwain.LOC.jpg,"journalist, novelist, autobiographer, teacher, humorist, children's writer, travel writer, aphorist, science fiction writer, writer, prose writer, opinion journalist",journalist
Ludwig Uhland,Literature,Male,1787,"Tübingen, Baden-Württemberg, Germany",9,Q61058,1787-04-26,73943536,,1862-11-13,Uhland,Johann,L,https://commons.wikimedia.org/wiki/File:Uhland.jpg,"linguist, poet, lyricist, politician, lawyer, literary historian, university teacher, poet lawyer, writer",linguist
Johann Martin Usteri,Literature,Male,1763,"Zürich, Switzerland",8,Q118932,1763-04-12,8184035,,1827-07-29,Usteri,J,M,https://commons.wikimedia.org/wiki/File:Johann_Martin_Usteri_-_Dichter.jpg,"poet, writer",poet
Valerius Maximus,History and Philosophy,Male,100,"Rome, Italy",4,Q379991,100,44316768,,,Valerius,Maximus,,https://commons.wikimedia.org/wiki/File:Valère_Maxime_;_La_Chronique_de_Nuremberg_;_p._259_-_f._93.jpg,"historian, writer, poet",historian
Henry van Dyke,Literature,Male,1852,"Germantown, Philadelphia, Pennsylvania, United States",10,Q950959,1852-11-10,2458987,,1933-04-10,Van,Dyke,Henry,https://commons.wikimedia.org/wiki/File:Portrait_of_Henry_van_Dyke.jpg,"writer, diplomat, poet",writer
John Vanbrugh,Literature,Male,1664,"City of London, London, England, United Kingdom",9,Q333398,1664-01-24,7398042,28059,1726-03-26,Vanbrugh,Sir John,,https://commons.wikimedia.org/wiki/File:John_Vanbrugh.jpg,"playwright, architect, writer",playwright
Harry Stoe Van Dyk,Literature,Male,1798,"London, England, United Kingdom",9,Q50379703,1798,3.04E+08,,1828-06-05,Vandyk,H,S,,,
Marcus Terentius Varro,Literature,Male,-116,"Rieti, Italy",7,Q206119,-116,1.00E+08,,-27,Varro,,,https://commons.wikimedia.org/wiki/File:Marco_Terenzio_Varrone.jpg,"writer, poet, music theorist, philosopher, Ancient Roman historian, grammarian, annalist, Ancient Roman military personnel",writer
Henry Vaughan,Literature,Male,1621,"Llansantffraed, Wales",2,Q545363,1621-04-17,41848288,28130,1695-04-23,Vaughan,Henry,,,"physician, economist, poet, writer, translator",physician
"Luc de Clapiers, marquis de Vauvenargues",Literature,Male,1715,"Aix-en-Provence, Bouches-du-Rhône, France",9,Q551730,1715-08-06,64016636,,1747-05-28,Vauvenargues,,,https://commons.wikimedia.org/wiki/File:LucdeClapiers-marquisdeVauvenarges.jpg,"writer, essayist, military personnel, philosopher",writer
Publius Flavius Vegetius Renatus,History and Philosophy,Male,401,Ancient Rome,7,Q4298,400,1.63E+08,,450,Vegetius,,,"https://commons.wikimedia.org/wiki/File:Flavius_vegetius_renatus,_de_rei_militari_libri_IV,_parigi_1535.jpg","writer, military personnel, historian, physician, official",writer
Ralph Venning,"Military, Politics, and Law",Male,1621,"Devon, England, United Kingdom",9,Q7288194,1621,12654953,28194,1673,Venning,Ralph,,https://commons.wikimedia.org/wiki/File:Wenceslas_Hollar_-_Ralph_Venning.jpg,civil servant,civil servant
Claude Louis Hector de Villars,"Military, Politics, and Law",Male,1653,"Moulins, Allier, France",4,Q158654,1653-05-08,76402320,,1734-06-17,Villars,Marechal,,https://commons.wikimedia.org/wiki/File:0_'Le_maréchal_de_Villars'_-_Rigaud_-_Vaux-le-Vicomte.jpg,"diplomat, military personnel",diplomat
François Villon,Literature,Male,1431,"Paris, France",9,Q849,1431-04-01,7398349,,1463,Villon,,,https://commons.wikimedia.org/wiki/File:Francois_Villon_1489.jpg,"poet, lyricist, writer",poet
Virgil,Literature,Male,-70,"Borgo Virgilio, Italy",7,Q1398,-70-10-15,8194433,,-19-09-21,Virgil,,,https://commons.wikimedia.org/wiki/File:Parco_della_Grotta_di_Posillipo5_(crop).jpg,"poet, writer",poet
Constantin-François Chassebœuf,History and Philosophy,Male,1757,"Craon, Mayenne, France",8,Q466093,1757-02-03,41847810,,1820-04-25,Volnet,,,"https://commons.wikimedia.org/wiki/File:Volney,_Constantin_François_Chassebœuf_de_La_Giraudais,_comte.jpg","explorer, politician, historian, philosopher, French moralist, agronomist, writer",explorer
Volney,History and Philosophy,Male,1757,"Craon, France",7,,1757-02-03,,,1820-04-25,Volney,,,,,
Voltaire,Literature,Male,1694,"Paris, France",4,Q9068,1694-11-21,36925746,68321,1778-05-30,Voltaire,,,https://commons.wikimedia.org/wiki/File:Nicolas_de_Largillière_-_Portrait_de_Voltaire_(1694-1778)_en_1718_-_P208_-_Musée_Carnavalet_-_2.jpg,"philosopher, poet, historian, essayist, playwright, autobiographer, diarist, poet lawyer, science fiction writer, encyclopédistes, correspondent, political scientist, writer",philosopher
J. Augustine Wade,Arts,Male,1796,"Dublin, Ireland",8,Q6104640,1796-07-15,9739753,28379,1845-09-29,Wade,J,A,,"conductor, composer, songwriter",conductor
John Wolcot,Literature,Male,1738,"Dodbrooke, Devon, England",4,Q707652,1738-05-09,24590473,29828,1819-01-14,Walcott,John(Peter Pinard),,https://commons.wikimedia.org/wiki/File:John_Wolcot_by_John_Opie_detail.jpg,"writer, poet, physician",writer
William Walker,Literature,Male,1623,"Hanley Castle, England, UK",7,Q18546974,1623-01-17,1.00E+08,28516,1684-01-17,Walker,William,,,"schoolmaster, author",schoolmaster
William Ross Wallace,Literature,Male,1819,"Lexington, Fayette County, Kentucky, United States",10,Q8017787,1819,36835499,,1881-05-05,Wallace,William,R,,"poet, writer",poet
Edmund Waller,Literature,Male,1606,"Coleshill, Buckinghamshire, United Kingdom",1,Q1033351,1606-03-03,47109686,28556,1687-10-21,Waller,Edmund,,https://commons.wikimedia.org/wiki/File:Edmund_Waller_by_John_Riley.jpg,"poet, politician, writer",poet
Horace Walpole,Literature,Male,1717,"London, England, United Kingdom",7,Q309903,1717-09-24,17231985,28596,1797-03-02,Walpole,Horace,,https://commons.wikimedia.org/wiki/File:Horace_Walpole.jpg,"writer, novelist, autobiographer, politician, art collector",writer
Robert Walpole,"Military, Politics, and Law",Male,1676,"Houghton, Norfolk, Norfolk, England, United Kingdom",5,Q104190,1676-08-26,98289961,28601,1745-03-18,Walpole,Sir Robert,,https://commons.wikimedia.org/wiki/File:Retuched_Painting_of_Robert_Walpole.jpg,"politician, art collector",politician
Izaak Walton,Literature,Male,1593,"Stafford, Staffordshire, England, United Kindgom",4,Q562133,1593-08-09,73863052,28653,1683-12-15,Walton,Izaak,,https://commons.wikimedia.org/wiki/File:Izaak_Walton.jpg,"writer, biographer",writer
Thomas Warburton,Industry and Finance,Male,1817,"Leigh, Lancashire, England",1,,1817,,,1879,Warburton,Thomas,,,,
Charles Farrar Browne,Literature,Male,1834,"Maine, United States",10,Q1064338,1834-04-26,52482810,,1867-03-06,Ward,Artemus,,https://commons.wikimedia.org/wiki/File:ArtemusWard.jpg,"comedian, writer, journalist",comedian
Mary Augusta Ward,Literature,Female,1851,"Hobart, Tasmania, Australia",10,Q952452,1851-06-11,27084321,36736,1920-03-24,Ward,Mary,A,https://commons.wikimedia.org/wiki/File:Mrs_Humphry_Ward_(Mary_Augusta_Ward_(née_Arnold))_by_Julian_Russell_Story.jpg,"writer, novelist, children's writer, literary editor",writer
Samuel Ward,"Military, Politics, and Law",Male,1577,"Haverhill, Suffolk, England, United Kingdom",9,Q7412878,1577,37002584,28704,1640,Ward,Thomas,,https://commons.wikimedia.org/wiki/File:Samuel_Ward_(1577–1640).jpg,,
"Elizabeth, Lady Wardlaw",Literature,Female,1677,"Fife, Scotland",3,Q5362226,1677,2.38E+08,28721,1727,Wardlaw,Lady,,,"poet, writer",poet
William Warner,Literature,Male,1558,"London, England, United Kingdom",9,Q527196,1558,70046176,28770,1609,Warner,William,,,"poet, writer",poet
Thomas Warton,Literature,Male,1728,"Basingstoke, Hampshire, England",5,Q1971218,1728-01-09,44371601,28799,1790-05-21,Warton,Thomas,,https://commons.wikimedia.org/wiki/File:Thomas_Warton_by_Reynolds.jpg,"writer, poet, historian, literary critic, literary historian",writer
George Washington,"Military, Politics, and Law",Male,1732,"Westmoreland County, Virginia, United States",5,Q23,1732-02-22,31432428,61288,1799-12-14,Washington,George,,https://commons.wikimedia.org/wiki/File:Gilbert_Stuart_Williamstown_Portrait_of_George_Washington.jpg,"politician, farmer, cartographer, geometer, engineer, statesperson, revolutionary, writer, army officer",politician
Nixon Waterman,Literature,Male,1859,"Newark, Illinois, United States",10,Q15452745,1859-11-12,4003775,,1944-09-01,Waterman,Nixon,,https://commons.wikimedia.org/wiki/File:NixonWaterman.PNG,"journalist, poet",journalist
William Watson,Religion,Male,1559,"United Kingdom,",9,Q8020077,1559-04-01,8789018,28873,1603-12-09,Watson,William,,,Catholic priest,Catholic priest
Isaac Watts,Literature,Male,1674,"Southampton, Hampshire, England",1,Q537034,1674-07-17,17298403,28888,1748-11-25,Watts,Isaac,,https://commons.wikimedia.org/wiki/File:Isaac_Watts_from_NPG.jpg,"theologian, philosopher, poet, hymnwriter, writer",theologian
Charles Henry Webb,Literature,Male,1834,"New York, United States",10,Q1064824,1834-01-24,41407485,,1905-05-24,Webb,Charles,H,https://commons.wikimedia.org/wiki/File:Charles_Henry_Webb_1902.jpg,"poet, journalist, writer",poet
John Webster,Literature,Male,1578,"London, England, United Kingdom",5,Q225904,1578,39387027,28943,1634,Webster,John,,,"playwright, poet, writer",playwright
Daniel Webster,"Military, Politics, and Law",Male,1782,"Salisbury, New Hampshire, United States",3,Q106231,1782-01-18,4944460,,1852-10-25,Webster,Daniel,,https://commons.wikimedia.org/wiki/File:Francis_Alexander_-_Daniel_Webster_-_Google_Art_Project.jpg,"politician, diplomat, lawyer, writer",politician
Amelia B. Coppuck Welby,Literature,Female,1819,"Saint Michaels, Talbot County, Maryland, United States",8,Q40485084,1819-02-03,77900699,,1852-05-03,Welby,Amelia,B,https://commons.wikimedia.org/wiki/File:Amelia_B._Coppuck_Welby.png,"poet, writer",poet
William V Wells,Literature,Male,1826,"Boston, Massachusetts, United States",8,,1826,,,1876,Wells,William,V,,,
Charles Wesley,Religion,Male,1707,"North Lincolnshire, United Kingdom",8,Q349070,1707-12-18,117440,29067,1788-03-29,Wesley,Charles,,https://commons.wikimedia.org/wiki/File:Charles_Wesley.jpg,"theologian, philosopher, writer, hymnwriter, cleric",theologian
John Wesley,Religion,Male,1703,"Epworth, Lincolnshire, England, United Kingdom",5,Q213393,1703-06-17,19686646,29069,1791-03-02,Wesley,John,,https://commons.wikimedia.org/wiki/File:John_Wesley_by_George_Romney.jpg,"Methodist pastor, diarist, philosopher, translator, hymnwriter, missionary, priest, writer, theologian",Methodist pastor
William Whewell,History and Philosophy,Male,1794,"Lancaster, Lancashire, England, United Kingdom",7,Q333922,1794-05-24,29606152,29200,1866-03-06,Whewell,William,,https://commons.wikimedia.org/wiki/File:Portrait_of_W._Whewell;_stipple_engraving_Wellcome_L0014766.jpg,"economist, physicist, historian, philosopher, writer, university teacher, mathematician, geologist, theologian, art historian",economist
Henry Kirke White,Literature,Male,1785,"Nottingham, Nottinghamshire, England",7,Q5724396,1785-03-21,32736220,29245,1806-10-19,White,Henry,Kirke,https://commons.wikimedia.org/wiki/File:Henry_Kirke_White_by_Thomas_Barber.jpg,"poet, writer",poet
Walt Whitman,Literature,Male,1819,"Long Island, New York, United States",10,Q81438,1819-05-31,2478331,,1892-03-26,Whitman,Walt,,https://commons.wikimedia.org/wiki/File:Walt_Whitman_-_George_Collins_Cox.jpg,"carpenter, writer, publisher, essayist, printer, nurse, school teacher, journalist, poet, novelist",carpenter
John Greenleaf Whittier,Literature,Male,1807,"Haverhill, Massachusetts, United States",5,Q458372,1807-12-17,19723987,,1892-09-07,Whittier,John,G,https://commons.wikimedia.org/wiki/File:John_Greenleaf_Whittier_November_25_1885.jpg,"writer, poet, journalist, lawyer",writer
George Whyte-Melville,Literature,Male,1821,"Mount Melville near St. Andrews, Scotland",7,Q5546247,1821-06-19,64441906,29343,1878-12-05,Whyte-Melville,George,J,https://commons.wikimedia.org/wiki/File:George_Whyte-Melville_Vanity_Fair_23_September_1871.jpg,"poet, writer",poet
Rezin A. Wight,"Military, Politics, and Law",Male,1836,"Baltimore, Maryland, United States",9,,1836,,,"January 06, 1890",Wight,Rezin,A,,,
Ella Wheeler Wilcox,Literature,Female,1850,"Janesville, Wisconsin, United States",10,Q448376,1850-11-05,28363141,,1919-10-30,Wilcox,Ella,W,https://commons.wikimedia.org/wiki/File:Ella_Wheeler_Wilcox_cph.3b16503.jpg,"poet, writer",poet
Oscar Wilde,Literature,Male,1854,"Dublin, Ireland",10,Q30875,1854-10-16,34464414,29400,1900-11-30,Wilde,Oscar,F,"https://commons.wikimedia.org/wiki/File:Oscar_Wilde_by_Napoleon_Sarony._Three-quarter-length_photograph,_seated.jpg","poet, playwright, short story writer, journalist, children's writer, novelist, writer, author, prose writer, opinion journalist, essayist, fabulist",poet
Richard Henry Wilde,"Military, Politics, and Law",Male,1789,"Dublin, Ireland",8,Q1693934,1789-09-24,53253258,,1847-09-10,Wilde,Richard,H,https://commons.wikimedia.org/wiki/File:RichardHenryWilde.jpg,"politician, poet, lawyer, university teacher, writer",politician
Emma Willard,Society,Female,1787,"Berlin, Connecticut, United States",8,Q175615,1787-02-23,54499159,,1870-04-15,Willard,Emma,,https://commons.wikimedia.org/wiki/File:Portrait_of_Emma_Willard.jpg,"writer, head teacher, women's rights activist",writer
William III of England,"Military, Politics, and Law",Male,1650,"The Hague, Netherlands",4,Q129987,1650-11-14,1.00E+08,29450,1702-03-08,William of Orange,,,"https://commons.wikimedia.org/wiki/File:G._Kneller_-_Willem_III_(1650-1702),_prins_van_Oranje,_koning_van_Engeland_-_C252_-_Cultural_Heritage_Agency_of_the_Netherlands_Art_Collection.jpg","politician, monarch",politician
Theodore Chickering Williams,Literature,Male,1855,"Brookline, Massachusetts, United States",10,Q7781731,1855-07-02,41406150,,1915-05-06,Williams,Theodore,C,,"hymnwriter, translator",hymnwriter
Helen Maria Williams,Literature,Female,1759,"London, England, United Kingdom",8,Q525710,1759-06-17,,29509,1827-12-15,Williams,Helen,M,https://commons.wikimedia.org/wiki/File:HelenMariaWilliams.jpg,"poet, translator, writer, novelist",poet
Roger Williams,Religion,Male,1603,"London, England, United Kingdom",8,Q391591,1603-12-21,41882851,29544,1684,Williams,Roger,,https://commons.wikimedia.org/wiki/File:Roger_Williams_statue_by_Franklin_Simmons.jpg,"theologian, politician, grammarian, writer, ethnologist, debater, statesperson, Christian minister, official, preacher, pastor",theologian
Nathaniel Parker Willis,Literature,Male,1806,"Portland, Maine, United States",7,Q971493,1806-01-20,189826,,1867-01-20,Willis,Nathaniel,P,https://commons.wikimedia.org/wiki/File:NPWillis-brady.jpg,"journalist, poet, playwright, literary critic, writer, magazine writer",journalist
Alexander Wilson,Literature,Male,1766,"Paisley, Scotland",9,Q931286,1766-07-06,34471057,29634,1813-08-23,Wilson,Alexander,,https://commons.wikimedia.org/wiki/File:Wilson_Alexander_1766-1813.jpg,"ornithologist, poet, zoologist, essayist, writer, naturalist",ornithologist
Edward Winslow,"Military, Politics, and Law",Male,1595,"Droitwich Spa, Worcestershire, England, United Kingdom",7,Q864808,1595,33108150,29751,1655,Winslow,Edward,,https://commons.wikimedia.org/wiki/File:Edward_Winslow.jpg,"politician, writer",politician
William Winter,Literature,Male,1836,"Gloucester, Massachusetts, United States",10,Q8020478,1836-07-15,76304998,,1917-06-30,Winter,William,,https://commons.wikimedia.org/wiki/File:Wm._Winter_LCCN2014701174_(cropped).jpg,"writer, biographer, literary critic, theatre critic",writer
John Winthrop,"Military, Politics, and Law",Male,1588,"Edwardstone, Babergh, Suffolk, England",8,Q720766,1588-01-12,13103985,29778,1649-03-26,Winthrop,John,,https://commons.wikimedia.org/wiki/File:JohnWinthropColorPortrait.jpg,"politician, theologian, writer, lawyer, jurist",politician
Robert Charles Winthrop,"Military, Politics, and Law",Male,1809,"Boston, Massachusetts, United States",7,Q1375119,1809-05-12,76690634,,1894-11-16,Winthrop,Robert,C,https://commons.wikimedia.org/wiki/File:Robert_Charles_Winthrop.jpg,"politician, lawyer",politician
George Wither,Literature,Male,1588,"Bentworth, East Hampshire, England",1,Q5546465,1588-06-11,59880559,29804,1667-05-02,Wither,George,,https://commons.wikimedia.org/wiki/File:George_Wither.jpg,"poet, writer",poet
James Wolfe,"Military, Politics, and Law",Male,1727,"Westerham, Kent, United Kingdom",7,Q379812,1727-01-02,51907672,29833,1759-09-13,Wolfe,James,,https://commons.wikimedia.org/wiki/File:James_Wolfe.jpeg,military officer,military officer
Charles Wolfe,Literature,Male,1791,"Dublin, Ireland",1,Q2381420,1791-12-14,61813744,29831,1823-02-21,Wolfe,Charles,,https://commons.wikimedia.org/wiki/File:Charles_Wolfe.jpg,"poet, writer",poet
Samuel Woodworth,Literature,Male,1784,"Scituate, Massachusetts, United States",1,Q7412965,1784-01-13,3398460,,1842-12-09,Woodworth,Samuel,,https://commons.wikimedia.org/wiki/File:Samuel_Woodworth_(1784–1842).png,"writer, poet, playwright, journalist, librettist",writer
Sarah Chauncey Woolsey,Literature,Female,1835,"Cleveland, Ohio, United States",10,Q2915918,1835-01-29,74797220,,1905-04-09,Woolsey,Sarah,C,https://commons.wikimedia.org/wiki/File:Woolsey_Sarah_c_aka_Susan_Coolidge.jpg,"writer, children's writer, poet",writer
William Wordsworth,Literature,Male,1770,"Cockermouth, Cumbria, England",1,Q45546,1770-04-07,35723133,29973,1850-04-23,Wordsworth,William,,https://commons.wikimedia.org/wiki/File:Wordsworth_on_Helvellyn_by_Benjamin_Robert_Haydon.jpg,"poet, lyricist, writer",poet
Henry Wotton,Literature,Male,1568,"Boughton Place, United Kingdom",1,Q641028,1568-03-30,76454666,30001,1639-12-01,Wotton,Sir Henry,,"https://commons.wikimedia.org/wiki/File:Sir_Henry_Wotton_(1568-1639),_Studio_of_Michiel_Jansz_van_Mierevelt.jpg","poet, diplomat, writer, politician",poet
Miss Wrother,,,,,4,Q104235372,,,,,Wrother,Miss,,,poet,poet
William Wycherley,Literature,Male,1640,"Clive, Shropshire, England",7,Q978564,1640,1.00E+08,30120,1716,Wycherley,William,,https://commons.wikimedia.org/wiki/File:William_Wycherley_by_Sir_Peter_Lely.jpg,"playwright, writer, poet",playwright
Thomas Yalden,Literature,Male,1670,"Oxford, Oxfordshire, England",8,Q7795369,1670,15117734,30182,1736-07-16,Yalden,Thomas,,,"linguist, translator, writer",linguist
William Butler Yeats,Literature,Male,1865,"Sandymount, Dublin, Ireland",10,Q40213,1865-06-13,46768718,37061,1939-01-28,Yeats,William,B,https://commons.wikimedia.org/wiki/File:William_Butler_Yeats_by_George_Charles_Beresford.jpg,"poet, playwright, writer, politician, mystic, astrologer",poet
Edward Young,Literature,Male,1683,"Upham, Hampshire, England, United Kingdom",1,Q507699,1683-07-03,49252592,30260,1765-04-05,Young,Edward,,https://commons.wikimedia.org/wiki/File:Edward_Young_Poet.jpeg,"poet, playwright, literary critic, writer",poet
Sir John Young,"Military, Politics, and Law",Male,1807,"Bombay, Bombay Presidency, British India",8,Q104235372,1807,,,1876,Young,Sir John,,,poet,poet
Jan Zamoyski,"Military, Politics, and Law",Male,1542,"Skokówka, Lublin, Poland",9,Q382439,1542-03-19,88915299,,1605-06-03,Zamoyski,Jan,,https://commons.wikimedia.org/wiki/File:Jan_Zamoyski.PNG,"diplomat, politician",diplomat
Israel Zangwill,Literature,Male,1864,"London, England, United Kingdom",10,Q113681,1864-01-21,56617927,37087,1926-08-01,Zangwill,I,,https://commons.wikimedia.org/wiki/File:Israel_Zangwill.jpg,"writer, playwright, comedian, novelist, journalist, activist",writer
Thomas Zouch,Religion,Male,1737,"Wakefield, West Yorkshire, England",8,Q3525685,1737-09-12,74203450,30299,1815-12-17,Zouch,Thomas,,,"theologian, writer",theologian